{
 "Sr": {
  "M062X": {
   "Def2SVP": {
    "water": {
     "2": -830.4293054501522
    },
    "null": {
     "2": -816.2119217569574
    }
   }
  }
 },
 "H": {
  "M062X": {
   "Def2SVP": {
    "water": {
     "0": -13.535701205196714
    },
    "null": {
     "0": -13.535252268391949
    }
   }
  }
 },
 "He": {
  "M062X": {
   "Def2SVP": {
    "water": {
     "0": -78.89011696758581
    },
    "null": {
     "0": -78.8900212496341
    }
   }
  }
 },
 "Li": {
  "M062X": {
   "Def2SVP": {
    "water": {
     "1": -203.30983650098818
    },
    "null": {
     "1": -198.03570572369625
    }
   }
  }
 },
 "Be": {
  "M062X": {
   "Def2SVP": {
    "water": {
     "2": -390.27363200816814
    },
    "null": {
     "2": -371.44117103993995
    }
   }
  }
 },
 "B": {
  "M062X": {
   "Def2SVP": {
    "water": {
     "-3": -672.1546208191417,
     "0": -669.9629833278403
    },
    "null": {
     "0": -669.9226889755299
    }
   }
  }
 },
 "C": {
  "M062X": {
   "Def2SVP": {
    "water": {
     "0": -1026.8021810048424
    },
    "null": {
     "0": -1026.696216655072
    }
   }
  }
 },
 "N": {
  "M062X": {
   "Def2SVP": {
    "water": {
     "-3": -1477.1202814788298,
     "0": -1480.595780715956
    },
    "null": {
     "0": -1480.5450343645234
    }
   }
  }
 },
 "O": {
  "M062X": {
   "Def2SVP": {
    "water": {
     "-2": -2041.3448821464895,
     "0": -2037.5069864588659
    },
    "null": {
     "0": -2037.459609889166
    }
   }
  }
 },
 "F": {
  "M062X": {
   "Def2SVP": {
    "water": {
     "-1": -2715.6583168543307,
     "0": -2710.48715568463
    },
    "null": {
     "0": -2710.4775254366828
    }
   }
  }
 },
 "Ne": {
  "M062X": {
   "Def2SVP": {
    "water": {
     "0": -3503.9916699924274
    },
    "null": {
     "0": -3503.991669938004
    }
   }
  }
 },
 "Na": {
  "M062X": {
   "Def2SVP": {
    "water": {
     "1": -4412.744707709906
    },
    "null": {
     "1": -4408.408472847275
    }
   }
  }
 },
 "Mg": {
  "M062X": {
   "Def2SVP": {
    "water": {
     "2": -5436.188634571015
    },
    "null": {
     "2": -5419.075932835902
    }
   }
  }
 },
 "Al": {
  "M062X": {
   "Def2SVP": {
    "water": {
     "3": -6564.985356221883
    },
    "null": {
     "3": -6539.1323644115555
    }
   }
  }
 },
 "Si": {
  "M062X": {
   "Def2SVP": {
    "water": {
     "0": -7870.1988938908435
    },
    "null": {
     "0": -7869.926269418702
    }
   }
  }
 },
 "P": {
  "M062X": {
   "Def2SVP": {
    "water": {
     "0": -9280.983730669413
    },
    "null": {
     "0": -9280.84009110124
    }
   }
  }
 },
 "S": {
  "M062X": {
   "Def2SVP": {
    "water": {
     "0": -10827.57600171273
    },
    "null": {
     "0": -10827.437580009273
    }
   }
  }
 },
 "Cl": {
  "M062X": {
   "Def2SVP": {
    "water": {
     "0": -12516.610495088938
    },
    "null": {
     "0": -12516.583693425713
    }
   }
  }
 },
 "Ar": {
  "M062X": {
   "Def2SVP": {
    "water": {
     "0": -14349.699080511265
    },
    "null": {
     "0": -14349.699077191475
    }
   }
  }
 },
 "K": {
  "M062X": {
   "Def2SVP": {
    "water": {
     "1": -16321.159456525991
    },
    "null": {
     "1": -16317.763255640491
    }
   }
  }
 },
 "Ca": {
  "M062X": {
   "Def2SVP": {
    "water": {
     "2": -18432.21816646372
    },
    "null": {
     "2": -18417.002086728964
    }
   }
  }
 },
 "Sc": {
  "M062X": {
   "Def2SVP": {
    "water": {
     "3": -20684.884635107897
    },
    "null": {
     "3": -20649.572524131774
    }
   }
  }
 },
 "Ti": {
  "M062X": {
   "Def2SVP": {
    "water": {
     "4": -23079.81777703169
    },
    "null": {
     "4": -23014.647472711797
    }
   }
  }
 },
 "V": {
  "M062X": {
   "Def2SVP": {
    "water": {
     "5": -25614.582415127916
    },
    "null": {
     "5": -25511.736209589275
    }
   }
  }
 },
 "Cr": {
  "M062X": {
   "Def2SVP": {
    "water": {
     "3": -28395.742746694126
    },
    "null": {
     "3": -28357.202052501743
    }
   }
  }
 },
 "Mn": {
  "M062X": {
   "Def2SVP": {
    "water": {
     "2": -31303.860426035022
    },
    "null": {
     "2": -31286.318178627458
    }
   }
  }
 },
 "Fe": {
  "M062X": {
   "Def2SVP": {
    "water": {
     "3": -34358.633068897776
    },
    "null": {
     "3": -34318.64229196909
    }
   }
  }
 },
 "Co": {
  "M062X": {
   "Def2SVP": {
    "water": {
     "3": -37596.72091990803
    },
    "null": {
     "3": -37556.18423742434
    }
   }
  }
 },
 "Ni": {
  "M062X": {
   "Def2SVP": {
    "water": {
     "2": -41025.46226048654
    },
    "null": {
     "2": -41007.15593480207
    }
   }
  }
 },
 "Cu": {
  "M062X": {
   "Def2SVP": {
    "water": {
     "2": -44619.493225564554
    },
    "null": {
     "2": -44604.69756556563
    }
   }
  }
 },
 "Zn": {
  "M062X": {
   "Def2SVP": {
    "water": {
     "2": -48404.50473656888
    },
    "null": {
     "2": -48385.77333367511
    }
   }
  }
 },
 "Ga": {
  "M062X": {
   "Def2SVP": {
    "water": {
     "3": -52339.98656456381
    },
    "null": {
     "3": -52313.44943355291
    }
   }
  }
 },
 "Ge": {
  "M062X": {
   "Def2SVP": {
    "water": {
     "0": -56508.14499168922
    },
    "null": {
     "0": -56507.82242847506
    }
   }
  }
 },
 "As": {
  "M062X": {
   "Def2SVP": {
    "water": {
     "0": -60831.02967071414
    },
    "null": {
     "0": -60830.852393710695
    }
   }
  }
 },
 "Se": {
  "M062X": {
   "Def2SVP": {
    "water": {
     "0": -65339.31889782752
    },
    "null": {
     "0": -65339.14563531972
    }
   }
  }
 },
 "Br": {
  "M062X": {
   "Def2SVP": {
    "water": {
     "0": -70037.81181276334
    },
    "null": {
     "0": -70037.77675143792
    }
   }
  }
 },
 "Kr": {
  "M062X": {
   "Def2SVP": {
    "water": {
     "0": -74926.23004713419
    },
    "null": {
     "0": -74926.23001420841
    }
   }
  }
 },
 "Rb": {
  "M062X": {
   "Def2SVP": {
    "water": {
     "1": -652.730082341574
    },
    "null": {
     "1": -649.5770556448257
    }
   }
  }
 },
 "Y": {
  "M062X": {
   "Def2SVP": {
    "water": {
     "3": -1033.284939935479
    },
    "null": {
     "3": -998.4912512385923
    }
   }
  }
 },
 "Zr": {
  "M062X": {
   "Def2SVP": {
    "water": {
     "4": -1262.2282171582933
    },
    "null": {
     "4": -1196.0238769737907
    }
   }
  }
 },
 "Nb": {
  "M062X": {
   "Def2SVP": {
    "water": {
     "5": -1510.3139725285591
    },
    "null": {
     "5": -1408.2127249639977
    }
   }
  }
 },
 "Mo": {
  "M062X": {
   "Def2SVP": {
    "water": {
     "6": -1787.3611989549245
    },
    "null": {
     "6": -1634.8689083703835
    }
   }
  }
 },
 "Tc": {
  "M062X": {
   "Def2SVP": {
    "water": {
     "7": -2087.788456453151
    },
    "null": {
     "7": -1876.4886009811719
    }
   }
  }
 },
 "Ru": {
  "M062X": {
   "Def2SVP": {
    "water": {
     "4": -2543.2279454884933
    },
    "null": {
     "4": -2473.3485651163505
    }
   }
  }
 },
 "Rh": {
  "M062X": {
   "Def2SVP": {
    "water": {
     "3": -2981.964788785555
    },
    "null": {
     "3": -2942.1033068345682
    }
   }
  }
 },
 "Pd": {
  "M062X": {
   "Def2SVP": {
    "water": {
     "2": -3464.4594951892095
    },
    "null": {
     "2": -3446.2605754810197
    }
   }
  }
 },
 "Ag": {
  "M062X": {
   "Def2SVP": {
    "water": {
     "1": -3993.307263099374
    },
    "null": {
     "1": -3989.038141580489
    }
   }
  }
 },
 "Cd": {
  "M062X": {
   "Def2SVP": {
    "water": {
     "2": -4555.387512699555
    },
    "null": {
     "2": -4536.989943513036
    }
   }
  }
 },
 "In": {
  "M062X": {
   "Def2SVP": {
    "water": {
     "3": -5145.309955228869
    },
    "null": {
     "3": -5119.247932388644
    }
   }
  }
 },
 "Sn": {
  "M062X": {
   "Def2SVP": {
    "water": {
     "2": -5818.953803477377
    },
    "null": {
     "2": -5807.163055068888
    }
   }
  }
 },
 "Sb": {
  "M062X": {
   "Def2SVP": {
    "water": {
     "0": -6533.254041745554
    },
    "null": {
     "0": -6533.024854889003
    }
   }
  }
 },
 "Te": {
  "M062X": {
   "Def2SVP": {
    "water": {
     "0": -7288.910268076246
    },