{
 "Sr": {
  "M062X": {
   "Def2SVP": {
    "water": {
     "2": -830.4293054501522
    },
    "null": {
     "2": -816.2119217569574
    }
   }
  },
  "B3LYP": {
   "Def2SVP": {
    "null": {
     "2": -818.2090039024054
    }
   }
  }
 },
 "H": {
  "M062X": {
   "Def2SVP": {
    "water": {
     "0": -13.535701205196714
    },
    "null": {
     "0": -13.535252268391949
    }
   }
  },
  "B3LYP": {
   "Def2SVP": {
    "null": {
     "0": -13.63994763873119
    }
   }
  }
 },
 "He": {
  "M062X": {
   "Def2SVP": {
    "water": {
     "0": -78.89011696758581
    },
    "null": {
     "0": -78.8900212496341
    }
   }
  },
  "B3LYP": {
   "Def2SVP": {
    "null": {
     "0": -79.10499544113111
    }
   }
  }
 },
 "Li": {
  "M062X": {
   "Def2SVP": {
    "water": {
     "1": -203.30983650098818
    },
    "null": {
     "1": -198.03570572369625
    }
   }
  },
  "B3LYP": {
   "Def2SVP": {
    "null": {
     "1": -198.13831951929865
    }
   }
  }
 },
 "Be": {
  "M062X": {
   "Def2SVP": {
    "water": {
     "2": -390.27363200816814
    },
    "null": {
     "2": -371.44117103993995
    }
   }
  },
  "B3LYP": {
   "Def2SVP": {
    "null": {
     "2": -371.32524305105375
    }
   }
  }
 },
 "B": {
  "M062X": {
   "Def2SVP": {
    "water": {
     "-3": -672.1546208191417,
     "0": -669.9629833278403
    },
    "null": {
     "0": -669.9226889755299
    }
   }
  },
  "B3LYP": {
   "Def2SVP": {
    "null": {
     "0": -670.3434655070386
    }
   }
  }
 },
 "C": {
  "M062X": {
   "Def2SVP": {
    "water": {
     "0": -1026.8021810048424
    },
    "null": {
     "0": -1026.696216655072
    }
   }
  },
  "B3LYP": {
   "Def2SVP": {
    "null": {
     "0": -1027.1015250352962
    }
   }
  }
 },
 "N": {
  "M062X": {
   "Def2SVP": {
    "water": {
     "-3": -1477.1202814788298,
     "0": -1480.595780715956
    },
    "null": {
     "0": -1480.5450343645234
    }
   }
  },
  "B3LYP": {
   "Def2SVP": {
    "null": {
     "0": -1481.1571320871378
    }
   }
  }
 },
 "O": {
  "M062X": {
   "Def2SVP": {
    "water": {
     "-2": -2041.3448821464895,
     "0": -2037.5069864588659
    },
    "null": {
     "0": -2037.459609889166
    }
   }
  },
  "B3LYP": {
   "Def2SVP": {
    "null": {
     "0": -2038.0528976602304
    }
   }
  }
 },
 "F": {
  "M062X": {
   "Def2SVP": {
    "water": {
     "-1": -2715.6583168543307,
     "0": -2710.48715568463
    },
    "null": {
     "0": -2710.4775254366828
    }
   }
  },
  "B3LYP": {
   "Def2SVP": {
    "null": {
     "0": -2711.3553173814703
    }
   }
  }
 },
 "Ne": {
  "M062X": {
   "Def2SVP": {
    "water": {
     "0": -3503.9916699924274
    },
    "null": {
     "0": -3503.991669938004
    }
   }
  },
  "B3LYP": {
   "Def2SVP": {
    "null": {
     "0": -3504.910306133656
    }
   }
  }
 },
 "Na": {
  "M062X": {
   "Def2SVP": {
    "water": {
     "1": -4412.744707709906
    },
    "null": {
     "1": -4408.408472847275
    }
   }
  },
  "B3LYP": {
   "Def2SVP": {
    "null": {
     "1": -4409.171690863466
    }
   }
  }
 },
 "Mg": {
  "M062X": {
   "Def2SVP": {
    "water": {
     "2": -5436.188634571015
    },
    "null": {
     "2": -5419.075932835902
    }
   }
  },
  "B3LYP": {
   "Def2SVP": {
    "null": {
     "2": -5419.72239517995
    }
   }
  }
 },
 "Al": {
  "M062X": {
   "Def2SVP": {
    "water": {
     "3": -6564.985356221883
    },
    "null": {
     "3": -6539.1323644115555
    }
   }
  },
  "B3LYP": {
   "Def2SVP": {
    "null": {
     "3": -6539.612696324612
    }
   }
  }
 },
 "Si": {
  "M062X": {
   "Def2SVP": {
    "water": {
     "0": -7870.1988938908435
    },
    "null": {
     "0": -7869.926269418702
    }
   }
  },
  "B3LYP": {
   "Def2SVP": {
    "null": {
     "0": -7870.888947377115
    }
   }
  }
 },
 "P": {
  "M062X": {
   "Def2SVP": {
    "water": {
     "0": -9280.983730669413
    },
    "null": {
     "0": -9280.84009110124
    }
   }
  },
  "B3LYP": {
   "Def2SVP": {
    "null": {
     "0": -9281.824290081493
    }
   }
  }
 },
 "S": {
  "M062X": {
   "Def2SVP": {
    "water": {
     "0": -10827.57600171273
    },
    "null": {
     "0": -10827.437580009273
    }
   }
  },
  "B3LYP": {
   "Def2SVP": {
    "null": {
     "0": -10828.274778162227
    }
   }
  }
 },
 "Cl": {
  "M062X": {
   "Def2SVP": {
    "water": {
     "0": -12516.610495088938
    },
    "null": {
     "0": -12516.583693425713
    }
   }
  },
  "B3LYP": {
   "Def2SVP": {
    "null": {
     "0": -12517.4005191766
    }
   }
  }
 },
 "Ar": {
  "M062X": {
   "Def2SVP": {
    "water": {
     "0": -14349.699080511265
    },
    "null": {
     "0": -14349.699077191475
    }
   }
  },
  "B3LYP": {
   "Def2SVP": {
    "null": {
     "0": -14350.299270439264
    }
   }
  }
 },
 "K": {
  "M062X": {
   "Def2SVP": {
    "water": {
     "1": -16321.159456525991
    },
    "null": {
     "1": -16317.763255640491
    }
   }
  },
  "B3LYP": {
   "Def2SVP": {
    "null": {
     "1": -16318.198809015326
    }
   }
  }
 },
 "Ca": {
  "M062X": {
   "Def2SVP": {
    "water": {
     "2": -18432.21816646372
    },
    "null": {
     "2": -18417.002086728964
    }
   }
  },
  "B3LYP": {
   "Def2SVP": {
    "null": {
     "2": -18417.205434824362
    }
   }
  }
 },
 "Sc": {
  "M062X": {
   "Def2SVP": {
    "water": {
     "3": -20684.884635107897
    },
    "null": {
     "3": -20649.572524131774
    }
   }
  },
  "B3LYP": {
   "Def2SVP": {
    "null": {
     "3": -20649.51031887834
    }
   }
  }
 },
 "Ti": {
  "M062X": {
   "Def2SVP": {
    "water": {
     "4": -23079.81777703169
    },
    "null": {
     "4": -23014.647472711797
    }
   }
  },
  "B3LYP": {
   "Def2SVP": {
    "null": {
     "4": -23014.313173118426
    }
   }
  }
 },
 "V": {
  "M062X": {
   "Def2SVP": {
    "water": {
     "5": -25614.582415127916
    },
    "null": {
     "5": -25511.736209589275
    }
   }
  },
  "B3LYP": {
   "Def2SVP": {
    "null": {
     "5": -25511.127719807875
    }
   }
  }
 },
 "Cr": {
  "M062X": {
   "Def2SVP": {
    "water": {
     "3": -28395.742746694126
    },
    "null": {
     "3": -28357.202052501743
    }
   }
  },
  "B3LYP": {
   "Def2SVP": {
    "null": {
     "3": -28357.893208892663
    }
   }
  }
 },
 "Mn": {
  "M062X": {
   "Def2SVP": {
    "water": {
     "2": -31303.860426035022
    },
    "null": {
     "2": -31286.318178627458
    }
   }
  },
  "B3LYP": {
   "Def2SVP": {
    "null": {
     "2": -31287.716660142174
    }
   }
  }
 },
 "Fe": {
  "M062X": {
   "Def2SVP": {
    "water": {
     "3": -34358.633068897776
    },
    "null": {
     "3": -34318.64229196909
    }
   }
  },
  "B3LYP": {
   "Def2SVP": {
    "null": {
     "3": -34319.76239910995
    }
   }
  }
 },
 "Co": {
  "M062X": {
   "Def2SVP": {
    "water": {
     "3": -37596.72091990803
    },
    "null": {
     "3": -37556.18423742434
    }
   }
  },
  "B3LYP": {
   "Def2SVP": {
    "null": {
     "3": -37557.364537237394
    }
   }
  }
 },
 "Ni": {
  "M062X": {
   "Def2SVP": {
    "water": {
     "2": -41025.46226048654
    },
    "null": {
     "2": -41007.15593480207
    }
   }
  },
  "B3LYP": {
   "Def2SVP": {
    "null": {
     "2": -41008.50383225677
    }
   }
  }
 },
 "Cu": {
  "M062X": {
   "Def2SVP": {
    "water": {
     "2": -44619.493225564554
    },
    "null": {
     "2": -44604.69756556563
    }
   }
  },
  "B3LYP": {
   "Def2SVP": {
    "null": {
     "2": -44606.21478504747
    }
   }
  }
 },
 "Zn": {
  "M062X": {
   "Def2SVP": {
    "water": {
     "2": -48404.50473656888
    },
    "null": {
     "2": -48385.77333367511
    }
   }
  },
  "B3LYP": {
   "Def2SVP": {
    "null": {
     "2": -48386.94675091254
    }
   }
  }
 },
 "Ga": {
  "M062X": {
   "Def2SVP": {
    "water": {
     "3": -52339.98656456381
    },
    "null": {
     "3": -52313.44943355291
    }
   }
  },
  "B3LYP": {
   "Def2SVP": {
    "null": {
     "3": -52313.87393769042
    }
   }
  }
 },
 "Ge": {
  "M062X": {
   "Def2SVP": {
    "water": {
     "0": -56508.14499168922
    },
    "null": {
     "0": -56507.82242847506
    }
   }
  },