{
  "length": {
    "angstrom": {
      "bohr": 0.52918,
      "nm": 0.1
    }
  },
  "energy": {
    "eV": {
      "hartree": 0.036749308136649,
      "J": 1.6021773e-19
    }
  }
}