index,smiles,workflow,display_name,target,eligible,status,quality_passed,compute_seconds,failed_checks,error_type,error_message
1,O=C(O)c1ccc2ccc3ccc(C(=O)O)nc3c2n1,rdkit,RDKit,ligand,True,passed,True,0.09580415487289429,,,
1,O=C(O)c1ccc2ccc3ccc(C(=O)O)nc3c2n1,rdkit,RDKit,complex,True,failed_quality,False,0.09469355270266533,bond_length_ratio,,
2,OCc1ccc2ccc3ccc(CO)nc3c2n1,rdkit,RDKit,ligand,True,passed,True,0.10448750294744968,,,
2,OCc1ccc2ccc3ccc(CO)nc3c2n1,rdkit,RDKit,complex,True,passed,True,0.03625720739364624,,,
3,CCN(CC)C(=O)c1ccc2ccc3cccnc3c2n1,rdkit,RDKit,ligand,True,passed,True,0.11707358434796333,,,
3,CCN(CC)C(=O)c1ccc2ccc3cccnc3c2n1,rdkit,RDKit,complex,True,failed_quality,False,0.0696854405105114,atom_too_close;atom_too_close;atom_too_close;short_bond;bond_length_ratio,,
4,CCCCN(CCCC)C(=O)c1ccc2ccc3cccnc3c2n1,rdkit,RDKit,ligand,True,passed,True,0.20769471302628517,,,
4,CCCCN(CCCC)C(=O)c1ccc2ccc3cccnc3c2n1,rdkit,RDKit,complex,True,failed_quality,False,0.3520523924380541,atom_too_close;atom_too_close;atom_too_close;short_bond;bond_length_ratio,,
5,CCCCCCN(CCCCCC)C(=O)c1ccc2ccc3cccnc3c2n1,rdkit,RDKit,ligand,True,passed,True,0.4294828101992607,,,
5,CCCCCCN(CCCCCC)C(=O)c1ccc2ccc3cccnc3c2n1,rdkit,RDKit,complex,True,failed_quality,False,0.2019275389611721,atom_too_close;atom_too_close;short_bond;bond_length_ratio;bond_ring_piercing;bond_ring_piercing,,
6,CN(C(=O)c1ccc2ccc3cccnc3c2n1)c1ccccc1,rdkit,RDKit,ligand,True,passed,True,0.14448212459683418,,,
6,CN(C(=O)c1ccc2ccc3cccnc3c2n1)c1ccccc1,rdkit,RDKit,complex,True,failed_quality,False,0.09718691930174828,atom_too_close;atom_too_close;atom_too_close;bond_length_ratio,,
7,CCN(C(=O)c1ccc2ccc3cccnc3c2n1)c1ccc(C)cc1,rdkit,RDKit,ligand,True,passed,True,0.17019809409976006,,,
7,CCN(C(=O)c1ccc2ccc3cccnc3c2n1)c1ccc(C)cc1,rdkit,RDKit,complex,True,failed_quality,False,0.18188057839870453,atom_too_close;atom_too_close;short_bond;bond_length_ratio;bond_length_ratio,,
8,NC(=O)c1ccc2ccc3ccc(C(N)=O)nc3c2n1,rdkit,RDKit,ligand,True,passed,True,0.09957809373736382,,,
8,NC(=O)c1ccc2ccc3ccc(C(N)=O)nc3c2n1,rdkit,RDKit,complex,True,failed_quality,False,0.05983971245586872,short_bond;bond_length_ratio,,
9,CCCCNC(=O)c1ccc2ccc3ccc(C(=O)NCCC)nc3c2n1,rdkit,RDKit,ligand,True,passed,True,0.21362508833408356,,,
9,CCCCNC(=O)c1ccc2ccc3ccc(C(=O)NCCC)nc3c2n1,rdkit,RDKit,complex,True,failed_quality,False,0.360125120729208,atom_too_close;bond_length_ratio;bond_length_ratio;bond_length_ratio,,
10,CCCCCCCCCCCCN(CCCCCCCCCCCC)C(=O)c1ccc2ccc3ccc(C(=O)N(CCCCCCCCCCCC)CCCCCCCCCCCC)nc3c2n1,rdkit,RDKit,ligand,True,passed,True,13.508743461221457,,,
10,CCCCCCCCCCCCN(CCCCCCCCCCCC)C(=O)c1ccc2ccc3ccc(C(=O)N(CCCCCCCCCCCC)CCCCCCCCCCCC)nc3c2n1,rdkit,RDKit,complex,True,failed_quality,False,17.39146852865815,atom_too_close;bond_length_ratio;bond_length_ratio;bond_length_ratio,,
11,CCN(C(=O)c1ccc2ccc3ccc(C(=O)N(CC)c4ccc(C)cc4)nc3c2n1)c1ccc(C)cc1,rdkit,RDKit,ligand,True,passed,True,0.8413134776055813,,,
11,CCN(C(=O)c1ccc2ccc3ccc(C(=O)N(CC)c4ccc(C)cc4)nc3c2n1)c1ccc(C)cc1,rdkit,RDKit,complex,True,failed_quality,False,1.031349902972579,atom_too_close;atom_too_close;bond_length_ratio;bond_length_ratio;bond_length_ratio;bond_length_ratio,,
12,CCN(CC)C(=O)c1ccc2ccc3ccc(C(=O)N(CC)CC)nc3c2n1,rdkit,RDKit,ligand,True,passed,True,0.21624744683504105,,,
12,CCN(CC)C(=O)c1ccc2ccc3ccc(C(=O)N(CC)CC)nc3c2n1,rdkit,RDKit,complex,True,failed_quality,False,0.7105554956942797,atom_too_close;atom_too_close;bond_length_ratio;short_bond;bond_length_ratio,,
13,CCCCN(CCCC)C(=O)c1ccc2ccc3ccc(C(=O)N(CCCC)CCCC)nc3c2n1,rdkit,RDKit,ligand,True,passed,True,0.6114813685417175,,,
13,CCCCN(CCCC)C(=O)c1ccc2ccc3ccc(C(=O)N(CCCC)CCCC)nc3c2n1,rdkit,RDKit,complex,True,failed_quality,False,0.2888305149972439,atom_too_close;atom_too_close;atom_too_close;bond_length_ratio;short_bond;bond_length_ratio,,
14,CCCCCCN(CCCCCC)C(=O)c1ccc2ccc3ccc(C(=O)N(CCCCCC)CCCCCC)nc3c2n1,rdkit,RDKit,ligand,True,passed,True,1.5954745952039957,,,
14,CCCCCCN(CCCCCC)C(=O)c1ccc2ccc3ccc(C(=O)N(CCCCCC)CCCCCC)nc3c2n1,rdkit,RDKit,complex,True,failed_quality,False,1.7597409877926111,atom_too_close;short_bond;bond_length_ratio;short_bond;bond_length_ratio,,
15,CCCCCCCCN(CCCCCCCC)C(=O)c1ccc2ccc3ccc(C(=O)N(CCCCCCCC)CCCCCCCC)nc3c2n1,rdkit,RDKit,ligand,True,passed,True,3.406791839748621,,,
15,CCCCCCCCN(CCCCCCCC)C(=O)c1ccc2ccc3ccc(C(=O)N(CCCCCCCC)CCCCCCCC)nc3c2n1,rdkit,RDKit,complex,True,failed_quality,False,2.7971611339598894,bond_length_ratio;bond_length_ratio;bond_length_ratio,,
16,O=C(c1ccc2ccc3ccc(C(=O)N4CCCc5ccccc54)nc3c2n1)N1CCCc2ccccc21,rdkit,RDKit,ligand,True,passed,True,0.5004402231425047,,,
16,O=C(c1ccc2ccc3ccc(C(=O)N4CCCc5ccccc54)nc3c2n1)N1CCCc2ccccc21,rdkit,RDKit,complex,True,failed_quality,False,0.8497614674270153,bond_length_ratio;bond_length_ratio;bond_length_ratio;bond_length_ratio,,
17,CN(C(=O)c1ccc2ccc3ccc(C(=O)N(C)c4ccccc4)nc3c2n1)c1ccccc1,rdkit,RDKit,ligand,True,passed,True,0.18223983980715275,,,
17,CN(C(=O)c1ccc2ccc3ccc(C(=O)N(C)c4ccccc4)nc3c2n1)c1ccccc1,rdkit,RDKit,complex,True,failed_quality,False,0.1672038547694683,atom_too_close;atom_too_close;short_bond;bond_length_ratio;short_bond;bond_length_ratio,,
18,CCN(C(=O)c1ccc2ccc3ccc(C(=O)N(CC)c4ccccc4)nc3c2n1)c1ccccc1,rdkit,RDKit,ligand,True,passed,True,0.31033265590667725,,,
18,CCN(C(=O)c1ccc2ccc3ccc(C(=O)N(CC)c4ccccc4)nc3c2n1)c1ccccc1,rdkit,RDKit,complex,True,failed_quality,False,0.6258063726127148,bond_length_ratio;bond_length_ratio;bond_length_ratio;bond_length_ratio,,
19,CCCCCCCCN(C(=O)c1ccc2ccc3ccc(C(=O)N(CCCCCCCC)c4ccccc4)nc3c2n1)c1ccccc1,rdkit,RDKit,ligand,True,passed,True,1.4670254215598106,,,
19,CCCCCCCCN(C(=O)c1ccc2ccc3ccc(C(=O)N(CCCCCCCC)c4ccccc4)nc3c2n1)c1ccccc1,rdkit,RDKit,complex,True,failed_quality,False,2.214320132508874,atom_too_close;atom_too_close;atom_too_close;atom_too_close;bond_length_ratio;bond_length_ratio;bond_length_ratio;bond_ring_piercing,,
20,CCCCCCn1c(-c2ccccc2)c(-c2ccccc2)c2cc3ccc4cc5c(-c6ccccc6)c(-c6ccccc6)n(CCCCCC)c(=O)c5nc4c3nc2c1=O,rdkit,RDKit,ligand,True,passed,True,0.9775715582072735,,,
20,CCCCCCn1c(-c2ccccc2)c(-c2ccccc2)c2cc3ccc4cc5c(-c6ccccc6)c(-c6ccccc6)n(CCCCCC)c(=O)c5nc4c3nc2c1=O,rdkit,RDKit,complex,True,passed,True,1.8567525520920753,,,
21,O=C(NC(CO)(CO)CO)c1ccc2ccc3ccc(C(=O)NC(CO)(CO)CO)nc3c2n1,rdkit,RDKit,ligand,True,passed,True,0.1553286425769329,,,
21,O=C(NC(CO)(CO)CO)c1ccc2ccc3ccc(C(=O)NC(CO)(CO)CO)nc3c2n1,rdkit,RDKit,complex,True,failed_quality,False,0.5936456620693207,atom_too_close;atom_too_close;bond_length_ratio;bond_length_ratio;bond_length_ratio;bond_length_ratio;bond_length_ratio;bond_length_ratio,,
22,O=S(=O)(O)c1cccc(-c2nnc(-c3ccc4ccc5ccc(-c6nnc(-c7cccc(S(=O)(=O)O)c7)c(-c7cccc(S(=O)(=O)O)c7)n6)nc5c4n3)nc2-c2cccc(S(=O)(=O)O)c2)c1,rdkit,RDKit,ligand,True,passed,True,4.23548131249845,,,
22,O=S(=O)(O)c1cccc(-c2nnc(-c3ccc4ccc5ccc(-c6nnc(-c7cccc(S(=O)(=O)O)c7)c(-c7cccc(S(=O)(=O)O)c7)n6)nc5c4n3)nc2-c2cccc(S(=O)(=O)O)c2)c1,rdkit,RDKit,complex,True,failed_execution,False,192.91980862990022,,_CaseFailure,RDKit ETKDGv3 returned status -1
23,O=C(Nc1cccc(S(=O)(=O)O)c1)c1ccc2ccc3ccc(C(=O)Nc4cccc(S(=O)(=O)O)c4)nc3c2n1,rdkit,RDKit,ligand,True,passed,True,0.26534693874418736,,,
23,O=C(Nc1cccc(S(=O)(=O)O)c1)c1ccc2ccc3ccc(C(=O)Nc4cccc(S(=O)(=O)O)c4)nc3c2n1,rdkit,RDKit,complex,True,failed_quality,False,1.1461355593055487,atom_too_close;atom_too_close;atom_too_close;bond_length_ratio;short_bond;bond_length_ratio,,
24,O=C(CNC(CO)(CO)CO)Cn1cc(-c2cccc(-c3cn(CC(=O)CNC(CO)(CO)CO)nn3)n2)nn1,rdkit,RDKit,ligand,True,passed,True,0.9524507392197847,,,
24,O=C(CNC(CO)(CO)CO)Cn1cc(-c2cccc(-c3cn(CC(=O)CNC(CO)(CO)CO)nn3)n2)nn1,rdkit,RDKit,complex,True,failed_quality,False,0.4407437015324831,bond_length_ratio;bond_length_ratio;bond_length_ratio;bond_length_ratio;bond_length_ratio,,
25,OCCn1cc(-c2ccc3ccc4ccc(-c5cn(CCO)nn5)nc4c3n2)nn1,rdkit,RDKit,ligand,True,passed,True,0.1472130324691534,,,
25,OCCn1cc(-c2ccc3ccc4ccc(-c5cn(CCO)nn5)nc4c3n2)nn1,rdkit,RDKit,complex,True,failed_quality,False,0.17974132113158703,bond_length_ratio;bond_length_ratio;bond_length_ratio,,
26,c1cc(-c2nnn[nH]2)nc(-c2nnn[nH]2)c1,rdkit,RDKit,ligand,True,passed,True,0.01136058010160923,,,
26,c1cc(-c2nnn[nH]2)nc(-c2nnn[nH]2)c1,rdkit,RDKit,complex,True,failed_quality,False,0.015117084607481956,short_bond;bond_length_ratio,,
27,CC1CCC(n2nnnc2-c2cccc(-c3nnnn3C3CCC(C)CC3)n2)CC1,rdkit,RDKit,ligand,True,passed,True,0.3352660536766052,,,
27,CC1CCC(n2nnnc2-c2cccc(-c3nnnn3C3CCC(C)CC3)n2)CC1,rdkit,RDKit,complex,True,failed_quality,False,0.22686460241675377,bond_length_ratio;bond_length_ratio;bond_length_ratio,,
28,OCCCn1nnnc1-c1cccc(-c2nnnn2CCCO)n1,rdkit,RDKit,ligand,True,passed,True,0.08927712962031364,,,
28,OCCCn1nnnc1-c1cccc(-c2nnnn2CCCO)n1,rdkit,RDKit,complex,True,failed_quality,False,0.2465490959584713,bond_length_ratio;bond_length_ratio;bond_length_ratio,,
29,c1ccc(-c2cccc(-c3nnn[nH]3)n2)nc1,rdkit,RDKit,ligand,True,passed,True,0.012874601408839226,,,
29,c1ccc(-c2cccc(-c3nnn[nH]3)n2)nc1,rdkit,RDKit,complex,True,failed_quality,False,0.021108224987983704,atom_too_close;short_bond;bond_length_ratio;bond_length_ratio,,
30,c1ccc(-c2cccc(-c3ccccn3)n2)nc1,rdkit,RDKit,ligand,True,passed,True,0.016704171895980835,,,
30,c1ccc(-c2cccc(-c3ccccn3)n2)nc1,rdkit,RDKit,complex,True,passed,True,0.02512911893427372,,,
31,c1ccc(-c2nc(-c3ccccn3)nc(-c3ccccn3)n2)nc1,rdkit,RDKit,ligand,True,passed,True,0.0314420685172081,,,
31,c1ccc(-c2nc(-c3ccccn3)nc(-c3ccccn3)n2)nc1,rdkit,RDKit,complex,True,passed,True,0.04396248795092106,,,
32,CCc1nnc(-c2cccc(-c3ccccn3)n2)nc1CC,rdkit,RDKit,ligand,True,passed,True,0.04505951888859272,,,
32,CCc1nnc(-c2cccc(-c3ccccn3)n2)nc1CC,rdkit,RDKit,complex,True,passed,True,0.05625719018280506,,,
33,CCCc1nnc(-c2cccc(-c3nnc(CCC)c(CCC)n3)n2)nc1CCC,rdkit,RDKit,ligand,True,passed,True,0.33805309794843197,,,
33,CCCc1nnc(-c2cccc(-c3nnc(CCC)c(CCC)n3)n2)nc1CCC,rdkit,RDKit,complex,True,passed,True,0.22389883175492287,,,
34,CCCCCCn1c(-c2cccc(-c3nc4ccccc4n3CCCCCC)n2)nc2ccccc21,rdkit,RDKit,ligand,True,passed,True,0.7497651614248753,,,
34,CCCCCCn1c(-c2cccc(-c3nc4ccccc4n3CCCCCC)n2)nc2ccccc21,rdkit,RDKit,complex,True,failed_quality,False,0.2900772485882044,bond_length_ratio;bond_length_ratio,,
35,CC(C)(C)Cc1cc(-c2cccc(-c3cc(CC(C)(C)C)[nH]n3)n2)n[nH]1,rdkit,RDKit,ligand,True,passed,True,0.38098270632326603,,,
35,CC(C)(C)Cc1cc(-c2cccc(-c3cc(CC(C)(C)C)[nH]n3)n2)n[nH]1,rdkit,RDKit,complex,True,failed_quality,False,0.2284447755664587,bond_length_ratio;bond_length_ratio,,
36,CCCCc1nc(-c2cccc(-c3n[nH]c(CCCC)n3)n2)n[nH]1,rdkit,RDKit,ligand,True,passed,True,0.19469378143548965,,,
36,CCCCc1nc(-c2cccc(-c3n[nH]c(CCCC)n3)n2)n[nH]1,rdkit,RDKit,complex,True,failed_quality,False,0.1858171820640564,bond_length_ratio;bond_length_ratio,,
37,CCCCn1cc(-c2cccc(-c3cn(CCCO)nn3)n2)nn1,rdkit,RDKit,ligand,True,passed,True,0.12287461571395397,,,
37,CCCCn1cc(-c2cccc(-c3cn(CCCO)nn3)n2)nn1,rdkit,RDKit,complex,True,failed_quality,False,0.1332839410752058,bond_length_ratio;bond_length_ratio,,
38,CCOP(=O)(OCC)c1ccc2ccc3ccc(P(=O)(OCC)OCC)nc3c2n1,rdkit,RDKit,ligand,True,passed,True,0.8254435155540705,,,
38,CCOP(=O)(OCC)c1ccc2ccc3ccc(P(=O)(OCC)OCC)nc3c2n1,rdkit,RDKit,complex,True,failed_quality,False,1.0082314480096102,bond_length_ratio;bond_length_ratio,,
39,O=P(c1ccccc1)(c1ccccc1)c1cccc(P(=O)(c2ccccc2)c2ccccc2)n1,rdkit,RDKit,ligand,True,passed,True,0.5500427056103945,,,
39,O=P(c1ccccc1)(c1ccccc1)c1cccc(P(=O)(c2ccccc2)c2ccccc2)n1,rdkit,RDKit,complex,True,failed_quality,False,0.16266902163624763,atom_overlap;atom_too_close;atom_too_close;short_bond;bond_length_ratio,,
40,O=P(c1ccccc1)(c1ccccc1)c1ccc2ccc3ccc(P(=O)(c4ccccc4)c4ccccc4)nc3c2n1,rdkit,RDKit,ligand,True,passed,True,0.919487664476037,,,
40,O=P(c1ccccc1)(c1ccccc1)c1ccc2ccc3ccc(P(=O)(c4ccccc4)c4ccccc4)nc3c2n1,rdkit,RDKit,complex,True,failed_quality,False,1.94309027120471,bond_length_ratio,,
41,CCCCCCc1ccc(N(CC)C(=O)c2cccc(-c3cccc(C(=O)N(CC)c4ccc(CCCCCC)cc4)n3)n2)cc1,rdkit,RDKit,ligand,True,passed,True,1.9905013758689165,,,
41,CCCCCCc1ccc(N(CC)C(=O)c2cccc(-c3cccc(C(=O)N(CC)c4ccc(CCCCCC)cc4)n3)n2)cc1,rdkit,RDKit,complex,True,failed_quality,False,3.103332083672285,bond_length_ratio;bond_length_ratio;bond_length_ratio;bond_length_ratio,,
42,CC1(C)CCC(C)(C)c2nc(-c3cccc(-c4nnc5c(n4)C(C)(C)CCC5(C)C)n3)nnc21,rdkit,RDKit,ligand,True,passed,True,0.22245553322136402,,,
42,CC1(C)CCC(C)(C)c2nc(-c3cccc(-c4nnc5c(n4)C(C)(C)CCC5(C)C)n3)nnc21,rdkit,RDKit,complex,True,failed_quality,False,0.34417176246643066,short_bond;bond_length_ratio,,
43,CC1(C)CCC(C)(C)c2nc(-c3ccc4ccc5ccc(-c6nnc7c(n6)C(C)(C)CCC7(C)C)nc5c4n3)nnc21,rdkit,RDKit,ligand,True,passed,True,0.28849315643310547,,,
43,CC1(C)CCC(C)(C)c2nc(-c3ccc4ccc5ccc(-c6nnc7c(n6)C(C)(C)CCC7(C)C)nc5c4n3)nnc21,rdkit,RDKit,complex,True,failed_quality,False,0.8515162654221058,atom_too_close;atom_too_close;atom_too_close;bond_length_ratio;bond_length_ratio;bond_length_ratio,,
44,CC(C)OP(=O)(OC(C)C)c1ccc2ccc3ccc(P(=O)(OC(C)C)OC(C)C)nc3c2n1,rdkit,RDKit,ligand,True,passed,True,1.3005062956362963,,,
44,CC(C)OP(=O)(OC(C)C)c1ccc2ccc3ccc(P(=O)(OC(C)C)OC(C)C)nc3c2n1,rdkit,RDKit,complex,True,failed_quality,False,1.1455357111990452,bond_length_ratio;bond_length_ratio,,
45,O=P(COC1CCCCC1)(OC1CCCCC1)c1cccc(-c2cccc(P(=O)(OC3CCCCC3)OC3CCCCC3)n2)n1,rdkit,RDKit,ligand,True,passed,True,1.091546280309558,,,
45,O=P(COC1CCCCC1)(OC1CCCCC1)c1cccc(-c2cccc(P(=O)(OC3CCCCC3)OC3CCCCC3)n2)n1,rdkit,RDKit,complex,True,failed_quality,False,3.450357684865594,short_bond;bond_length_ratio;bond_length_ratio;bond_length_ratio,,
46,CC(C)OP(=O)(OC(C)C)c1cccc(-c2cccc(P(=O)(OC(C)C)OC(C)C)n2)n1,rdkit,RDKit,ligand,True,passed,True,0.4089646451175213,,,
46,CC(C)OP(=O)(OC(C)C)c1cccc(-c2cccc(P(=O)(OC(C)C)OC(C)C)n2)n1,rdkit,RDKit,complex,True,failed_quality,False,3.4936570432037115,short_bond;bond_length_ratio;bond_length_ratio,,
47,O=P(OC1CCCCC1)(OC1CCCCC1)c1cccc(-c2cccc(P(=O)(OC3CCCCC3)OC3CCCCC3)n2)n1,rdkit,RDKit,ligand,True,passed,True,2.2260578125715256,,,
47,O=P(OC1CCCCC1)(OC1CCCCC1)c1cccc(-c2cccc(P(=O)(OC3CCCCC3)OC3CCCCC3)n2)n1,rdkit,RDKit,complex,True,failed_quality,False,3.827977193519473,atom_too_close;atom_too_close;short_bond;bond_length_ratio;bond_length_ratio;bond_length_ratio,,
48,O=P(C1=CC=CCC=C1)(c1ccccc1)c1ccc2ccc3ccc(P(=O)(C4=CCCC=C4)c4ccccc4)nc3c2n1,rdkit,RDKit,ligand,True,passed,True,0.6113491393625736,,,
48,O=P(C1=CC=CCC=C1)(c1ccccc1)c1ccc2ccc3ccc(P(=O)(C4=CCCC=C4)c4ccccc4)nc3c2n1,rdkit,RDKit,complex,True,failed_quality,False,1.055594963952899,bond_length_ratio,,
49,CCCCOP(=O)(OCCCC)c1ccc2ccc3ccc(P(=O)(OCCCC)OCCCC)nc3c2n1,rdkit,RDKit,ligand,True,passed,True,2.2117510233074427,,,
49,CCCCOP(=O)(OCCCC)c1ccc2ccc3ccc(P(=O)(OCCCC)OCCCC)nc3c2n1,rdkit,RDKit,complex,True,failed_quality,False,2.9349827487021685,bond_length_ratio;bond_length_ratio,,
50,CCCCP(=O)(c1ccccc1)c1ccc2ccc3ccc(P(=O)(CCCC)c4ccccc4)nc3c2n1,rdkit,RDKit,ligand,True,passed,True,0.6476926952600479,,,
50,CCCCP(=O)(c1ccccc1)c1ccc2ccc3ccc(P(=O)(CCCC)c4ccccc4)nc3c2n1,rdkit,RDKit,complex,True,failed_quality,False,1.3967511001974344,bond_length_ratio;bond_length_ratio,,
51,CCCCP(=O)(c1ccccc1)c1ccc2ccc3cccnc3c2n1,rdkit,RDKit,ligand,True,passed,True,0.13125606626272202,,,
51,CCCCP(=O)(c1ccccc1)c1ccc2ccc3cccnc3c2n1,rdkit,RDKit,complex,True,failed_quality,False,0.2846678551286459,short_bond;bond_length_ratio;bond_length_ratio,,
52,CCP(=O)(c1ccccc1)c1ccc2ccc3ccc(P(=O)(CC)c4ccccc4)nc3c2n1,rdkit,RDKit,ligand,True,passed,True,0.2667329367250204,,,
52,CCP(=O)(c1ccccc1)c1ccc2ccc3ccc(P(=O)(CC)c4ccccc4)nc3c2n1,rdkit,RDKit,complex,True,failed_quality,False,0.8351511061191559,atom_too_close;atom_too_close;bond_length_ratio;bond_length_ratio,,
53,CCOP(=O)(c1ccccc1)c1ccc2ccc3ccc(P(=O)(OCC)c4ccccc4)nc3c2n1,rdkit,RDKit,ligand,True,passed,True,0.6868156138807535,,,
53,CCOP(=O)(c1ccccc1)c1ccc2ccc3ccc(P(=O)(OCC)c4ccccc4)nc3c2n1,rdkit,RDKit,complex,True,failed_quality,False,0.2936500161886215,bond_length_ratio;bond_length_ratio,,
54,C[C@H](CC(C)(C)C)CP(=S)(S)C[C@H](C)CC(C)(C)C,rdkit,RDKit,ligand,True,passed,True,0.1383406314998865,,,
54,C[C@H](CC(C)(C)C)CP(=S)(S)C[C@H](C)CC(C)(C)C,rdkit,RDKit,complex,True,passed,True,0.17459362000226974,,,
55,CCCCCCCCOC(=O)c1ccc2ccc3ccc(C(=O)OCCCCCCCC)nc3c2n1,rdkit,RDKit,ligand,True,passed,True,0.7896188721060753,,,
55,CCCCCCCCOC(=O)c1ccc2ccc3ccc(C(=O)OCCCCCCCC)nc3c2n1,rdkit,RDKit,complex,True,failed_quality,False,1.290200375020504,atom_too_close;atom_too_close;bond_length_ratio;short_bond;bond_length_ratio;bond_length_ratio,,
56,O=C(c1ccccc1)c1ccc2ccc3ccc(C(=O)c4ccccc4)nc3c2n1,rdkit,RDKit,ligand,True,passed,True,0.08512306399643421,,,
56,O=C(c1ccccc1)c1ccc2ccc3ccc(C(=O)c4ccccc4)nc3c2n1,rdkit,RDKit,complex,True,failed_quality,False,0.28660860285162926,bond_length_ratio;bond_length_ratio;bond_length_ratio;bond_length_ratio,,
57,CCCCCCCCCCNC(=O)c1ccc2ccc3ccc(C(=O)NCCCCCCCCCC)nc3c2n1,rdkit,RDKit,ligand,True,passed,True,1.1793406307697296,,,
57,CCCCCCCCCCNC(=O)c1ccc2ccc3ccc(C(=O)NCCCCCCCCCC)nc3c2n1,rdkit,RDKit,complex,True,failed_quality,False,1.0300568342208862,bond_length_ratio,,
58,O=C(C1=Nc2c(ccc3ccc(C(=O)N4CCCC4)nc23)CC1)N1CCCC1,rdkit,RDKit,ligand,True,passed,True,0.23761321231722832,,,
58,O=C(C1=Nc2c(ccc3ccc(C(=O)N4CCCC4)nc23)CC1)N1CCCC1,rdkit,RDKit,complex,True,failed_quality,False,0.6522303465753794,atom_too_close;atom_too_close;short_bond;bond_length_ratio;bond_length_ratio;bond_length_ratio,,
59,CCCCn1cc[n+](CCNC(=O)c2ccc3ccc4ccc(C(=O)NCC[n+]5ccn(CCCC)c5)nc4c3n2)c1.N,rdkit,RDKit,ligand,True,passed,True,1.3254904635250568,,,
59,CCCCn1cc[n+](CCNC(=O)c2ccc3ccc4ccc(C(=O)NCC[n+]5ccn(CCCC)c5)nc4c3n2)c1.N,rdkit,RDKit,complex,True,failed_quality,False,0.8677177578210831,atom_too_close;atom_too_close;atom_too_close;bond_length_ratio;short_bond;bond_length_ratio;bond_length_ratio,,
60,CCCCn1cc[n+](CCNC(=O)c2ccc3ccc4ccc(C(=O)NCC[n+]5ccn(CCCC)c5C)nc4c3n2)c1C.N,rdkit,RDKit,ligand,True,failed_quality,False,2.236652683466673,atom_too_close,,
60,CCCCn1cc[n+](CCNC(=O)c2ccc3ccc4ccc(C(=O)NCC[n+]5ccn(CCCC)c5C)nc4c3n2)c1C.N,rdkit,RDKit,complex,True,failed_quality,False,4.209289029240608,atom_too_close;atom_too_close;atom_too_close;short_bond;bond_length_ratio;bond_length_ratio;bond_length_ratio,,
61,CCCCn1cc[n+](CCNC(=O)c2ccc3ccc4c(c3n2)NC(C(=O)NCC[n+]2ccn(CCCC)c2C)C=C4)c1C,rdkit,RDKit,ligand,True,passed,True,2.27225031144917,,,
61,CCCCn1cc[n+](CCNC(=O)c2ccc3ccc4c(c3n2)NC(C(=O)NCC[n+]2ccn(CCCC)c2C)C=C4)c1C,rdkit,RDKit,complex,True,failed_quality,False,3.1017772760242224,bond_length_ratio;bond_length_ratio;bond_length_ratio;bond_length_ratio;bond_length_ratio,,
62,O=C1c2cc(Cl)c3ccc4c(Cl)cc(nc4c3n2)C(=O)N2CCN(CC2)C(=O)c2cc(Cl)c3ccc4c(Cl)cc(nc4c3n2)C(=O)N2CCN1CC2,rdkit,RDKit,ligand,True,passed,True,0.8569949027150869,,,
62,O=C1c2cc(Cl)c3ccc4c(Cl)cc(nc4c3n2)C(=O)N2CCN(CC2)C(=O)c2cc(Cl)c3ccc4c(Cl)cc(nc4c3n2)C(=O)N2CCN1CC2,rdkit,RDKit,complex,True,failed_quality,False,16.754373082891107,short_bond;bond_length_ratio;bond_length_ratio;bond_length_ratio;bond_length_ratio;bond_length_ratio;bond_length_ratio;bond_ring_piercing,,
63,O=C(NC(CO)(CO)CO)C1=NC2C(=CC1)C=Cc1ccc(C(=O)NC(CO)(CO)CO)nc12,rdkit,RDKit,ligand,True,passed,True,0.20807594805955887,,,
63,O=C(NC(CO)(CO)CO)C1=NC2C(=CC1)C=Cc1ccc(C(=O)NC(CO)(CO)CO)nc12,rdkit,RDKit,complex,True,failed_quality,False,0.5880906525999308,atom_too_close;atom_too_close;short_bond;bond_length_ratio;bond_length_ratio,,
64,c1cnc2c(c1)ccc1cccnc12,rdkit,RDKit,ligand,True,passed,True,0.010474851354956627,,,
64,c1cnc2c(c1)ccc1cccnc12,rdkit,RDKit,complex,True,passed,True,0.011986428871750832,,,
65,c1ccc(-c2ccc3ccc4ccc(-c5ccccn5)nc4c3n2)nc1,rdkit,RDKit,ligand,True,passed,True,0.03709315322339535,,,
65,c1ccc(-c2ccc3ccc4ccc(-c5ccccn5)nc4c3n2)nc1,rdkit,RDKit,complex,True,failed_quality,False,0.07552412152290344,short_bond;bond_length_ratio,,
66,c1ccc(-c2ccccn2)nc1,rdkit,RDKit,ligand,True,passed,True,0.008896028622984886,,,
66,c1ccc(-c2ccccn2)nc1,rdkit,RDKit,complex,True,passed,True,0.010643061250448227,,,
67,Cc1ccc2ccc3ccc(C)nc3c2n1,rdkit,RDKit,ligand,True,passed,True,0.019640931859612465,,,
67,Cc1ccc2ccc3ccc(C)nc3c2n1,rdkit,RDKit,complex,True,passed,True,0.024827076122164726,,,
68,c1ccc(CN2CC3CC(C2)CN(Cc2ccccn2)C3)nc1,rdkit,RDKit,ligand,True,passed,True,0.12970510683953762,,,
68,c1ccc(CN2CC3CC(C2)CN(Cc2ccccn2)C3)nc1,rdkit,RDKit,complex,True,failed_quality,False,0.12455467879772186,short_bond;bond_length_ratio;short_bond;bond_length_ratio,,
69,c1ccc2c(CNCCN3CCNCc4ccc5ccc6ccc(nc6c5n4)CNCC3)c3ccccc3cc2c1,rdkit,RDKit,ligand,True,passed,True,0.4365320149809122,,,
69,c1ccc2c(CNCCN3CCNCc4ccc5ccc6ccc(nc6c5n4)CNCC3)c3ccccc3cc2c1,rdkit,RDKit,complex,True,failed_quality,False,0.5369382314383984,short_bond;bond_length_ratio,,
70,c1ccc2c(CNCCN3CCNCc4ccc5ccc6ccc(nc6c5n4)CNCCN(CCNCc4cccc5ccccc45)CCNCc4ccc5ccc6ccc(nc6c5n4)CNCC3)cccc2c1,rdkit,RDKit,ligand,True,passed,True,3.6626072861254215,,,
70,c1ccc2c(CNCCN3CCNCc4ccc5ccc6ccc(nc6c5n4)CNCCN(CCNCc4cccc5ccccc45)CCNCc4ccc5ccc6ccc(nc6c5n4)CNCC3)cccc2c1,rdkit,RDKit,complex,True,failed_quality,False,5.160895079374313,bond_length_ratio;bond_length_ratio;bond_length_ratio;bond_length_ratio;bond_length_ratio;bond_length_ratio;bond_length_ratio;bond_length_ratio,,
71,CCNCCNCc1ccc2ccc3ccc(CNCCNCC)nc3c2n1,rdkit,RDKit,ligand,True,passed,True,0.37412225268781185,,,
71,CCNCCNCc1ccc2ccc3ccc(CNCCNCC)nc3c2n1,rdkit,RDKit,complex,True,failed_quality,False,0.2661615889519453,bond_length_ratio;short_bond;bond_length_ratio,,
72,c1ccc(CNCc2ccc3ccc4ccc(CNCc5ccccn5)nc4c3n2)nc1,rdkit,RDKit,ligand,True,passed,True,0.5696663353592157,,,
72,c1ccc(CNCc2ccc3ccc4ccc(CNCc5ccccn5)nc4c3n2)nc1,rdkit,RDKit,complex,True,failed_quality,False,0.6654664166271687,bond_length_ratio;bond_length_ratio,,
73,CCNCc1ccc2ccc3ccc(CNCC)nc3c2n1,rdkit,RDKit,ligand,True,passed,True,0.10051576048135757,,,
73,CCNCc1ccc2ccc3ccc(CNCC)nc3c2n1,rdkit,RDKit,complex,True,passed,True,0.11789964325726032,,,
74,c1ccc(NCCNCc2ccc3ccc4ccc(CNCCNc5ccccc5)nc4c3n2)cc1,rdkit,RDKit,ligand,True,passed,True,0.5990062784403563,,,
74,c1ccc(NCCNCc2ccc3ccc4ccc(CNCCNc5ccccc5)nc4c3n2)cc1,rdkit,RDKit,complex,True,failed_quality,False,0.5780472904443741,atom_too_close;bond_length_ratio;bond_length_ratio;bond_length_ratio;bond_length_ratio,,
75,CC(C)C(NCc1ccc2ccc3ccc(CNC(C(=O)O)C(C)C)nc3c2n1)C(=O)O,rdkit,RDKit,ligand,True,passed,True,0.3025332633405924,,,
75,CC(C)C(NCc1ccc2ccc3ccc(CNC(C(=O)O)C(C)C)nc3c2n1)C(=O)O,rdkit,RDKit,complex,True,failed_quality,False,0.44957231543958187,atom_too_close;bond_length_ratio;bond_length_ratio;bond_length_ratio;bond_length_ratio;bond_length_ratio,,
76,O=C(O)C(Cc1ccccc1)NCc1ccc2ccc3cccnc3c2n1,rdkit,RDKit,ligand,True,passed,True,0.16151381097733974,,,
76,O=C(O)C(Cc1ccccc1)NCc1ccc2ccc3cccnc3c2n1,rdkit,RDKit,complex,True,failed_quality,False,1.4474084060639143,bond_length_ratio;bond_length_ratio;bond_length_ratio;bond_length_ratio,,
77,O=C(O)C(Cc1ccc(O)cc1)NCc1ccc2ccc3cccnc3c2n1,rdkit,RDKit,ligand,True,passed,True,0.1735735684633255,,,
77,O=C(O)C(Cc1ccc(O)cc1)NCc1ccc2ccc3cccnc3c2n1,rdkit,RDKit,complex,True,failed_quality,False,1.6954484600573778,bond_length_ratio;bond_length_ratio;bond_length_ratio;bond_length_ratio,,
78,c1cnc2c(c1)ccc1cc3ccc4cccnc4c3nc12,rdkit,RDKit,ligand,True,passed,True,0.02530771680176258,,,
78,c1cnc2c(c1)ccc1cc3ccc4cccnc4c3nc12,rdkit,RDKit,complex,True,passed,True,0.03230766952037811,,,
79,Cc1ccc2ccc3cccnc3c2n1,rdkit,RDKit,ligand,True,passed,True,0.014121783897280693,,,
79,Cc1ccc2ccc3cccnc3c2n1,rdkit,RDKit,complex,True,passed,True,0.018335094675421715,,,
80,Cc1cc2cccnc2c2ncccc12,rdkit,RDKit,ligand,True,passed,True,0.014250580221414566,,,
80,Cc1cc2cccnc2c2ncccc12,rdkit,RDKit,complex,True,passed,True,0.015471164137125015,,,
81,CC1(C)C=CN=C(c2ccccn2)C1,rdkit,RDKit,ligand,True,passed,True,0.018444713205099106,,,
81,CC1(C)C=CN=C(c2ccccn2)C1,rdkit,RDKit,complex,True,failed_quality,False,0.03171856328845024,atom_too_close;atom_too_close;short_bond;bond_length_ratio,,
82,NCCN(CCN)Cc1ccc2ccc3ccc(CN(CCN)CCN)nc3c2n1,rdkit,RDKit,ligand,True,passed,True,0.45535048842430115,,,
82,NCCN(CCN)Cc1ccc2ccc3ccc(CN(CCN)CCN)nc3c2n1,rdkit,RDKit,complex,True,failed_quality,False,0.3080396708101034,short_bond;bond_length_ratio,,
83,c1cc2ccc3ccc4nc3c2nc1CNCCNCCNCCNCCNC4,rdkit,RDKit,ligand,True,passed,True,0.11515668034553528,,,
83,c1cc2ccc3ccc4nc3c2nc1CNCCNCCNCCNCCNC4,rdkit,RDKit,complex,True,failed_quality,False,0.4662422239780426,short_bond;bond_length_ratio;short_bond;bond_length_ratio;bond_length_ratio;bond_length_ratio;bond_length_ratio,,
84,CN1CCN2CCN(CC2)Cc2ccc3ccc4ccc(nc4c3n2)CN2CCN(CC1)CC2,rdkit,RDKit,ligand,True,passed,True,0.33021694235503674,,,
84,CN1CCN2CCN(CC2)Cc2ccc3ccc4ccc(nc4c3n2)CN2CCN(CC1)CC2,rdkit,RDKit,complex,True,failed_execution,False,44.31127362139523,,_CaseFailure,RDKit ETKDGv3 returned status -1
85,c1cc2ccc3ccc4nc3c2nc1CNCCNCCNC4,rdkit,RDKit,ligand,True,passed,True,0.06996750459074974,,,
85,c1cc2ccc3ccc4nc3c2nc1CNCCNCCNC4,rdkit,RDKit,complex,True,passed,True,0.08307311497628689,,,
86,c1cc2ccc3ccc4nc3c2nc1CNCCNCCNCCNC4,rdkit,RDKit,ligand,True,passed,True,0.22406785190105438,,,
86,c1cc2ccc3ccc4nc3c2nc1CNCCNCCNCCNC4,rdkit,RDKit,complex,True,failed_quality,False,0.15915612131357193,bond_length_ratio;short_bond;bond_length_ratio,,
87,NCc1cccc(-c2cccc(CN)n2)n1,rdkit,RDKit,ligand,True,passed,True,0.033151138573884964,,,
87,NCc1cccc(-c2cccc(CN)n2)n1,rdkit,RDKit,complex,True,failed_quality,False,0.39445989578962326,bond_length_ratio;bond_length_ratio,,
88,CN(CCN(C)Cc1ccccn1)Cc1ccccn1,rdkit,RDKit,ligand,True,passed,True,0.0647047683596611,,,
88,CN(CCN(C)Cc1ccccn1)Cc1ccccn1,rdkit,RDKit,complex,True,passed,True,0.138759795576334,,,
89,CC(C)(C)c1cc2c(O)c(c1)Cc1cc(C(C)(C)C)cc3c1OCc1ccc4ccc5ccc(nc5c4n1)COc1c(cc(C(C)(C)C)cc1-c1cc(C(C)(C)C)cc(c1O)C2)Cc1cccc(c1O)Cc1cccc(c1O)C3,rdkit,RDKit,ligand,True,passed,True,1.591435158625245,,,
89,CC(C)(C)c1cc2c(O)c(c1)Cc1cc(C(C)(C)C)cc3c1OCc1ccc4ccc5ccc(nc5c4n1)COc1c(cc(C(C)(C)C)cc1-c1cc(C(C)(C)C)cc(c1O)C2)Cc1cccc(c1O)Cc1cccc(c1O)C3,rdkit,RDKit,complex,True,failed_quality,False,1.5179694313555956,atom_too_close;atom_too_close;atom_too_close;short_bond;bond_length_ratio;bond_length_ratio;bond_length_ratio;bond_length_ratio,,
90,CC1(C)CCC(C)(C)c2nc(-c3cccc(-c4cccc(-c5nnc6c(n5)C(C)(C)CCC6(C)C)n4)n3)nnc21,rdkit,RDKit,ligand,True,passed,True,0.4420031048357487,,,
90,CC1(C)CCC(C)(C)c2nc(-c3cccc(-c4cccc(-c5nnc6c(n5)C(C)(C)CCC6(C)C)n4)n3)nnc21,rdkit,RDKit,complex,True,failed_quality,False,1.1533878985792398,atom_too_close;atom_too_close;short_bond;bond_length_ratio;bond_length_ratio,,
91,CCCCCc1nnc(-c2cccc(-c3ccccn3)n2)nc1CCCCC,rdkit,RDKit,ligand,True,passed,True,0.2570324242115021,,,
91,CCCCCc1nnc(-c2cccc(-c3ccccn3)n2)nc1CCCCC,rdkit,RDKit,complex,True,failed_quality,False,0.19499961100518703,short_bond;bond_length_ratio,,
92,CCCCCc1nnc(-c2cccc(-c3cccc(-c4nnc(CCCCC)c(CCCCC)n4)n3)n2)nc1CCCCC,rdkit,RDKit,ligand,True,passed,True,1.170709801837802,,,
92,CCCCCc1nnc(-c2cccc(-c3cccc(-c4nnc(CCCCC)c(CCCCC)n4)n3)n2)nc1CCCCC,rdkit,RDKit,complex,True,failed_quality,False,3.8567611072212458,atom_too_close;atom_too_close;atom_too_close;bond_length_ratio;bond_length_ratio;bond_length_ratio,,
93,CCN(CC)C(=O)c1cccc(-c2cccc(-c3cccc(C(=O)N(CC)CC)n3)n2)n1,rdkit,RDKit,ligand,True,passed,True,0.33551098220050335,,,
93,CCN(CC)C(=O)c1cccc(-c2cccc(-c3cccc(C(=O)N(CC)CC)n3)n2)n1,rdkit,RDKit,complex,True,failed_quality,False,0.8358582723885775,bond_length_ratio;bond_length_ratio;bond_length_ratio;bond_length_ratio;bond_length_ratio,,
94,CCN(C(=O)c1cccc(-c2cccc(-c3cccc(C(=O)N(CC)c4ccccc4)n3)n2)n1)c1ccccc1,rdkit,RDKit,ligand,True,passed,True,1.2076452746987343,,,
94,CCN(C(=O)c1cccc(-c2cccc(-c3cccc(C(=O)N(CC)c4ccccc4)n3)n2)n1)c1ccccc1,rdkit,RDKit,complex,True,failed_quality,False,3.1547298971563578,bond_length_ratio;bond_length_ratio;bond_length_ratio;bond_length_ratio;bond_length_ratio,,
95,c1cc(-c2nccnn2)nc(-c2nccnn2)c1,rdkit,RDKit,ligand,True,passed,True,0.0149812251329422,,,
95,c1cc(-c2nccnn2)nc(-c2nccnn2)c1,rdkit,RDKit,complex,True,passed,True,0.016157696023583412,,,
96,Nc1cc(-c2nccnn2)nc(-c2nccnn2)c1,rdkit,RDKit,ligand,True,passed,True,0.017433302477002144,,,
96,Nc1cc(-c2nccnn2)nc(-c2nccnn2)c1,rdkit,RDKit,complex,True,passed,True,0.02188774012029171,,,
97,c1ccc(-c2ccnc(-c3ccccn3)n2)nc1,rdkit,RDKit,ligand,True,passed,True,0.01870192214846611,,,
97,c1ccc(-c2ccnc(-c3ccccn3)n2)nc1,rdkit,RDKit,complex,True,passed,True,0.026070572435855865,,,
98,c1cc(-c2nc3ccccc3[nH]2)nc(-c2nc3ccccc3[nH]2)c1,rdkit,RDKit,ligand,True,passed,True,0.02960631623864174,,,
98,c1cc(-c2nc3ccccc3[nH]2)nc(-c2nc3ccccc3[nH]2)c1,rdkit,RDKit,complex,True,failed_quality,False,0.05971839092671871,atom_too_close;atom_too_close;bond_length_ratio;bond_length_ratio;short_bond;bond_length_ratio,,
99,Cc1nnc(-c2cccc(-c3nnc(C)c(C)n3)n2)nc1C,rdkit,RDKit,ligand,True,passed,True,0.04933831840753555,,,
99,Cc1nnc(-c2cccc(-c3nnc(C)c(C)n3)n2)nc1C,rdkit,RDKit,complex,True,passed,True,0.05223546735942364,,,
100,c1ccc2nc(-c3ccc4ccc5ccc(-c6ncc7ccccc7n6)nc5c4n3)ncc2c1,rdkit,RDKit,ligand,True,passed,True,0.07602517306804657,,,
100,c1ccc2nc(-c3ccc4ccc5ccc(-c6ncc7ccccc7n6)nc5c4n3)ncc2c1,rdkit,RDKit,complex,True,failed_quality,False,0.1533608827739954,short_bond;bond_length_ratio,,
101,CCCc1nnc(-c2cccc(-c3nnc(CCC)nn3)n2)nn1,rdkit,RDKit,ligand,True,passed,True,0.0794193409383297,,,
101,CCCc1nnc(-c2cccc(-c3nnc(CCC)nn3)n2)nn1,rdkit,RDKit,complex,True,failed_execution,False,9.737087167799473,,_CaseFailure,RDKit ETKDGv3 returned status -1
102,CCc1ccc(-c2cccc(-c3ccc(CC)nn3)n2)nn1,rdkit,RDKit,ligand,True,passed,True,0.10001765564084053,,,
102,CCc1ccc(-c2cccc(-c3ccc(CC)nn3)n2)nn1,rdkit,RDKit,complex,True,passed,True,0.07883523032069206,,,
103,Clc1cc2cccnc2c2ncccc12,rdkit,RDKit,ligand,True,passed,True,0.01115204393863678,,,
103,Clc1cc2cccnc2c2ncccc12,rdkit,RDKit,complex,True,passed,True,0.012704461812973022,,,
104,Cc1c(C)c2cccnc2c2ncccc12,rdkit,RDKit,ligand,True,passed,True,0.018839320167899132,,,
104,Cc1c(C)c2cccnc2c2ncccc12,rdkit,RDKit,complex,True,failed_quality,False,0.030916200950741768,atom_too_close;atom_too_close,,
105,Clc1ccc2ccc3cccnc3c2n1,rdkit,RDKit,ligand,True,passed,True,0.01120217889547348,,,
105,Clc1ccc2ccc3cccnc3c2n1,rdkit,RDKit,complex,True,passed,True,0.012281108647584915,,,
106,CCc1nnc(-c2cccc(-c3nnc(CC)c(CC)n3)n2)nc1CC,rdkit,RDKit,ligand,True,passed,True,0.15160593576729298,,,
106,CCc1nnc(-c2cccc(-c3nnc(CC)c(CC)n3)n2)nc1CC,rdkit,RDKit,complex,True,passed,True,0.12629979103803635,,,
107,Nc1nc(-c2ccccn2)nc(-c2ccccn2)n1,rdkit,RDKit,ligand,True,passed,True,0.021122440695762634,,,
107,Nc1nc(-c2ccccn2)nc(-c2ccccn2)n1,rdkit,RDKit,complex,True,passed,True,0.02745346538722515,,,
108,O=S(=O)(O)c1ccccc1-c1nnc(-c2cccc(-c3nnc(-c4ccccc4S(=O)(=O)O)c(-c4ccccc4S(=O)(=O)O)n3)n2)nc1-c1ccccc1S(=O)(=O)O,rdkit,RDKit,ligand,True,passed,True,0.901743657886982,,,
108,O=S(=O)(O)c1ccccc1-c1nnc(-c2cccc(-c3nnc(-c4ccccc4S(=O)(=O)O)c(-c4ccccc4S(=O)(=O)O)n3)n2)nc1-c1ccccc1S(=O)(=O)O,rdkit,RDKit,complex,True,failed_execution,False,152.63366207294166,,_CaseFailure,RDKit ETKDGv3 returned status -1
109,c1ccc2nc(-c3ccc4ccccc4n3)ccc2c1,rdkit,RDKit,ligand,True,passed,True,0.022976867854595184,,,
109,c1ccc2nc(-c3ccc4ccccc4n3)ccc2c1,rdkit,RDKit,complex,True,passed,True,0.02721118927001953,,,
110,c1ccc(-c2ccc3ccc4cccnc4c3n2)nc1,rdkit,RDKit,ligand,True,passed,True,0.02032013051211834,,,
110,c1ccc(-c2ccc3ccc4cccnc4c3n2)nc1,rdkit,RDKit,complex,True,passed,True,0.02825743891298771,,,
111,c1ccc(-c2cccc(-c3cccc(-c4ccccn4)n3)n2)nc1,rdkit,RDKit,ligand,True,passed,True,0.03492216765880585,,,
111,c1ccc(-c2cccc(-c3cccc(-c4ccccn4)n3)n2)nc1,rdkit,RDKit,complex,True,failed_quality,False,0.09005006588995457,atom_too_close;atom_too_close;short_bond;bond_length_ratio;bond_length_ratio,,
112,CC(C)(C)c1ccnc(-c2cc(C(C)(C)C)cc(-c3cc(C(C)(C)C)ccn3)n2)c1,rdkit,RDKit,ligand,True,passed,True,0.5859709531068802,,,
112,CC(C)(C)c1ccnc(-c2cc(C(C)(C)C)cc(-c3cc(C(C)(C)C)ccn3)n2)c1,rdkit,RDKit,complex,True,failed_quality,False,0.34078361839056015,bond_length_ratio;bond_length_ratio,,
113,Cn1c(-c2cccc(-c3nc4ccccc4n3C)n2)nc2ccccc21,rdkit,RDKit,ligand,True,passed,True,0.11013548821210861,,,
113,Cn1c(-c2cccc(-c3nc4ccccc4n3C)n2)nc2ccccc21,rdkit,RDKit,complex,True,failed_quality,False,0.116609126329422,bond_length_ratio;bond_length_ratio;bond_length_ratio,,
114,CCC(C)Cn1c(-c2cccc(-c3nc4ccccc4n3CC(C)CC)n2)nc2ccccc21,rdkit,RDKit,ligand,True,passed,True,0.4629077631980181,,,
114,CCC(C)Cn1c(-c2cccc(-c3nc4ccccc4n3CC(C)CC)n2)nc2ccccc21,rdkit,RDKit,complex,True,failed_quality,False,0.3837128784507513,atom_too_close;atom_too_close;bond_length_ratio;bond_length_ratio;bond_length_ratio;bond_ring_piercing,,
115,CCC(C)COC(=O)c1cc(-c2nc3ccccc3n2C)nc(-c2nc3ccccc3n2C)c1,rdkit,RDKit,ligand,True,passed,True,0.5973150040954351,,,
115,CCC(C)COC(=O)c1cc(-c2nc3ccccc3n2C)nc(-c2nc3ccccc3n2C)c1,rdkit,RDKit,complex,True,failed_quality,False,0.2856764681637287,bond_length_ratio;bond_length_ratio;bond_length_ratio,,
116,CCN(C(=O)c1cc(F)c2ccc3c(F)cc(C(=O)N(CC)c4ccc(C)cc4)nc3c2n1)c1ccc(C)cc1,rdkit,RDKit,ligand,True,passed,True,0.5297985561192036,,,
116,CCN(C(=O)c1cc(F)c2ccc3c(F)cc(C(=O)N(CC)c4ccc(C)cc4)nc3c2n1)c1ccc(C)cc1,rdkit,RDKit,complex,True,failed_quality,False,0.4428554307669401,atom_too_close;atom_too_close;atom_too_close;bond_length_ratio;short_bond;bond_length_ratio,,
117,CCN(C(=O)c1cc(F)c2ccc3c(=O)cc(C(=O)N(CC)c4ccc(C)cc4)[nH]c3c2n1)c1ccc(C)cc1,rdkit,RDKit,ligand,True,passed,True,0.33082798309624195,,,
117,CCN(C(=O)c1cc(F)c2ccc3c(=O)cc(C(=O)N(CC)c4ccc(C)cc4)[nH]c3c2n1)c1ccc(C)cc1,rdkit,RDKit,complex,True,failed_execution,False,61.83945952169597,,_CaseFailure,RDKit ETKDGv3 returned status -1
118,O=C(c1cccc(-c2cccc(C(=O)N3CCCC3)n2)n1)N1CCCC1,rdkit,RDKit,ligand,True,passed,True,0.1284667495638132,,,
118,O=C(c1cccc(-c2cccc(C(=O)N3CCCC3)n2)n1)N1CCCC1,rdkit,RDKit,complex,True,failed_quality,False,0.3188769109547138,atom_too_close;bond_length_ratio;bond_length_ratio,,
119,O=C(c1ccc2ccc3ccc(C(=O)N4CCCC4)nc3c2n1)N1CCCC1,rdkit,RDKit,ligand,True,passed,True,0.10414037480950356,,,
119,O=C(c1ccc2ccc3ccc(C(=O)N4CCCC4)nc3c2n1)N1CCCC1,rdkit,RDKit,complex,True,failed_quality,False,0.3242438267916441,bond_length_ratio;bond_length_ratio;bond_length_ratio;bond_length_ratio;bond_ring_piercing,,
120,CN(C)C(=O)c1cccc(-c2cccc(C(=O)N(C)C)n2)n1,rdkit,RDKit,ligand,True,passed,True,0.08388282358646393,,,
120,CN(C)C(=O)c1cccc(-c2cccc(C(=O)N(C)C)n2)n1,rdkit,RDKit,complex,True,failed_quality,False,0.27799759060144424,bond_length_ratio;bond_length_ratio;bond_length_ratio;bond_length_ratio,,
121,CN(C)C(=O)c1ccc2ccc3ccc(C(=O)N(C)C)nc3c2n1,rdkit,RDKit,ligand,True,passed,True,0.07469327934086323,,,
121,CN(C)C(=O)c1ccc2ccc3ccc(C(=O)N(C)C)nc3c2n1,rdkit,RDKit,complex,True,failed_quality,False,0.24546005204319954,atom_too_close;atom_too_close;bond_length_ratio;bond_length_ratio;bond_length_ratio;bond_length_ratio,,
122,O=C(O)CNCCNCC(=O)O,rdkit,RDKit,ligand,True,passed,True,0.012091387063264847,,,
122,O=C(O)CNCCNCC(=O)O,rdkit,RDKit,complex,True,failed_quality,False,0.029404977336525917,bond_length_ratio;bond_length_ratio;bond_length_ratio,,
123,c1cnc2c(c1)ccc1ccc(-c3ccc4ccc5cccnc5c4n3)nc12,rdkit,RDKit,ligand,True,passed,True,0.0446801483631134,,,
123,c1cnc2c(c1)ccc1ccc(-c3ccc4ccc5cccnc5c4n3)nc12,rdkit,RDKit,complex,True,failed_quality,False,0.07959831692278385,atom_too_close;short_bond;bond_length_ratio;bond_length_ratio,,
124,c1cnc2c(c1)ccc1cc3c(nc12)-c1nc2c(ccc4cccnc42)cc1CC3,rdkit,RDKit,ligand,True,passed,True,0.07827495969831944,,,
124,c1cnc2c(c1)ccc1cc3c(nc12)-c1nc2c(ccc4cccnc42)cc1CC3,rdkit,RDKit,complex,True,failed_quality,False,0.14407796040177345,atom_too_close;bond_length_ratio;short_bond;bond_length_ratio,,
125,CCCCCCCCN(C(=O)c1ccc2ccc3cccnc3c2n1)c1ccc(C)cc1,rdkit,RDKit,ligand,True,passed,True,0.36710259318351746,,,
125,CCCCCCCCN(C(=O)c1ccc2ccc3cccnc3c2n1)c1ccc(C)cc1,rdkit,RDKit,complex,True,failed_quality,False,0.48556796833872795,atom_too_close;atom_too_close;short_bond;bond_length_ratio,,
126,CCCCCc1nnc(-c2ccc3ccc4ccc(-c5nnc(CCCCC)c(CCCCC)n5)nc4c3n2)nc1CCCCC,rdkit,RDKit,ligand,True,passed,True,0.9055212754756212,,,
126,CCCCCc1nnc(-c2ccc3ccc4ccc(-c5nnc(CCCCC)c(CCCCC)n5)nc4c3n2)nc1CCCCC,rdkit,RDKit,complex,True,failed_quality,False,0.4793449677526951,atom_too_close;bond_length_ratio;short_bond;bond_length_ratio,,
127,CCCCCc1nnc(-c2ccc3cc(Br)c4ccc(-c5nnc(CCCCC)c(CCCCC)n5)nc4c3n2)nc1CCCCC,rdkit,RDKit,ligand,True,passed,True,2.254499178379774,,,
127,CCCCCc1nnc(-c2ccc3cc(Br)c4ccc(-c5nnc(CCCCC)c(CCCCC)n5)nc4c3n2)nc1CCCCC,rdkit,RDKit,complex,True,failed_quality,False,1.3803153559565544,atom_too_close;atom_too_close;bond_length_ratio;short_bond;bond_length_ratio;bond_length_ratio,,
128,CCCCCc1nnc(-c2ccc3c(Br)c(Br)c4ccc(-c5nnc(CCCCC)c(CCCCC)n5)nc4c3n2)nc1CCCCC,rdkit,RDKit,ligand,True,passed,True,0.8748052343726158,,,
128,CCCCCc1nnc(-c2ccc3c(Br)c(Br)c4ccc(-c5nnc(CCCCC)c(CCCCC)n5)nc4c3n2)nc1CCCCC,rdkit,RDKit,complex,True,failed_quality,False,0.9987621027976274,atom_too_close;atom_too_close;atom_too_close;bond_length_ratio;short_bond;bond_length_ratio;bond_length_ratio,,
129,CCCc1nnc(-c2cc(Cl)cc(-c3nnc(CCC)c(CCC)n3)n2)nc1CCC,rdkit,RDKit,ligand,True,passed,True,0.4463449064642191,,,
129,CCCc1nnc(-c2cc(Cl)cc(-c3nnc(CCC)c(CCC)n3)n2)nc1CCC,rdkit,RDKit,complex,True,passed,True,0.2661032062023878,,,
130,Clc1nnc(-c2cccc(-c3nnc(Cl)c(Cl)n3)n2)nc1Cl,rdkit,RDKit,ligand,True,passed,True,0.015454081818461418,,,
130,Clc1nnc(-c2cccc(-c3nnc(Cl)c(Cl)n3)n2)nc1Cl,rdkit,RDKit,complex,True,passed,True,0.01982739567756653,,,
131,CC12CCC(c3nnc(-c4cccc(-c5nnc6c(n5)C5(C)CCC6C5(C)C)n4)nc31)C2(C)C,rdkit,RDKit,ligand,True,passed,True,0.19774857722222805,,,
131,CC12CCC(c3nnc(-c4cccc(-c5nnc6c(n5)C5(C)CCC6C5(C)C)n4)nc31)C2(C)C,rdkit,RDKit,complex,True,failed_quality,False,1.0175839997828007,short_bond;bond_length_ratio,,
132,CCc1nnc(-c2cccc(-c3cccc(-c4nnc(CC)c(CC)n4)n3)n2)nc1CC,rdkit,RDKit,ligand,True,passed,True,0.21834486164152622,,,
132,CCc1nnc(-c2cccc(-c3cccc(-c4nnc(CC)c(CC)n4)n3)n2)nc1CC,rdkit,RDKit,complex,True,failed_quality,False,1.1588754244148731,atom_too_close;bond_length_ratio;short_bond;bond_length_ratio;bond_length_ratio,,
133,CCCCCCCCN(CCCCCCCC)C(=O)COCC(=O)N(CCCCCCCC)CCCCCCCC,rdkit,RDKit,ligand,True,passed,True,1.4546836074441671,,,
133,CCCCCCCCN(CCCCCCCC)C(=O)COCC(=O)N(CCCCCCCC)CCCCCCCC,rdkit,RDKit,complex,True,failed_quality,False,4.798611901700497,bond_length_ratio,,
134,O=S(=O)([O][Na+])c1cccc(-c2nnc(-c3cccc(-c4nnc(-c5cccc(S(=O)(=O)[O][Na+])c5)c(-c5cccc(S(=O)(=O)[O][Na+])c5)n4)n3)nc2-c2cccc(S(=O)(=O)[O][Na+])c2)c1,rdkit,RDKit,ligand,True,failed_execution,False,,,_CaseFailure,RDKit hydrogen count differs at atom 3
134,O=S(=O)([O][Na+])c1cccc(-c2nnc(-c3cccc(-c4nnc(-c5cccc(S(=O)(=O)[O][Na+])c5)c(-c5cccc(S(=O)(=O)[O][Na+])c5)n4)n3)nc2-c2cccc(S(=O)(=O)[O][Na+])c2)c1,rdkit,RDKit,complex,False,not_eligible,,,,,
135,CCCCCCCCN(CCCCCCCC)C(=S)c1ccc2ccc3ccc(C(=S)N(CCCCCCCC)CCCCCCCC)nc3c2n1,rdkit,RDKit,ligand,True,passed,True,3.511072361841798,,,
135,CCCCCCCCN(CCCCCCCC)C(=S)c1ccc2ccc3ccc(C(=S)N(CCCCCCCC)CCCCCCCC)nc3c2n1,rdkit,RDKit,complex,True,failed_quality,False,1.7718703914433718,atom_too_close;atom_too_close;atom_too_close;short_bond;bond_length_ratio,,
136,CCCCCCC(Br)C(=O)O,rdkit,RDKit,ligand,True,passed,True,0.018791932612657547,,,
136,CCCCCCC(Br)C(=O)O,rdkit,RDKit,complex,True,passed,True,0.02194611355662346,,,
137,CC(C)CN(CC(C)C)C(=O)c1ccc2ccc3ccc(C(=O)N(CC(C)C)CC(C)C)nc3c2n1,rdkit,RDKit,ligand,True,passed,True,0.41968747042119503,,,
137,CC(C)CN(CC(C)C)C(=O)c1ccc2ccc3ccc(C(=O)N(CC(C)C)CC(C)C)nc3c2n1,rdkit,RDKit,complex,True,failed_quality,False,3.8066452275961637,atom_too_close;atom_too_close;atom_too_close;atom_too_close;bond_length_ratio;bond_length_ratio;bond_ring_piercing,,
138,O=C(Nc1ccccc1)c1ccc2ccc3ccc(C(=O)Nc4ccccc4)nc3c2n1,rdkit,RDKit,ligand,True,passed,True,0.14144162274897099,,,
138,O=C(Nc1ccccc1)c1ccc2ccc3ccc(C(=O)Nc4ccccc4)nc3c2n1,rdkit,RDKit,complex,True,failed_quality,False,0.17890319228172302,atom_too_close;atom_too_close;atom_too_close;bond_length_ratio;bond_length_ratio;bond_ring_piercing,,
139,Nc1ccc(S(=O)(=O)O)cc1,rdkit,RDKit,ligand,True,passed,True,0.00857040099799633,,,
139,Nc1ccc(S(=O)(=O)O)cc1,rdkit,RDKit,complex,False,not_eligible,,,,,
140,O=P(OC1CCCCC1)(OC1CCCCC1)c1ccc2ccc3ccc(P(=O)(OC4CCCCC4)OC4CCCCC4)nc3c2n1,rdkit,RDKit,ligand,True,passed,True,0.777384452521801,,,
140,O=P(OC1CCCCC1)(OC1CCCCC1)c1ccc2ccc3ccc(P(=O)(OC4CCCCC4)OC4CCCCC4)nc3c2n1,rdkit,RDKit,complex,True,failed_quality,False,2.6872299592942,bond_length_ratio;bond_length_ratio,,
141,CCCCC(Br)C(=O)O,rdkit,RDKit,ligand,True,passed,True,0.008948089554905891,,,
141,CCCCC(Br)C(=O)O,rdkit,RDKit,complex,True,passed,True,0.01141129806637764,,,
142,CCN(C(=O)c1cccc(-c2cccc(C(=O)N(CC)c3ccccc3)n2)n1)c1ccccc1,rdkit,RDKit,ligand,True,passed,True,0.24720980040729046,,,
142,CCN(C(=O)c1cccc(-c2cccc(C(=O)N(CC)c3ccccc3)n2)n1)c1ccccc1,rdkit,RDKit,complex,True,failed_quality,False,0.8603398352861404,bond_length_ratio;bond_length_ratio;bond_length_ratio;bond_length_ratio,,
143,CCN(C(=O)c1cccc(-c2cccc(C(=O)N(CC)c3cccc(F)c3)n2)n1)c1cccc(F)c1,rdkit,RDKit,ligand,True,passed,True,0.5174824353307486,,,
143,CCN(C(=O)c1cccc(-c2cccc(C(=O)N(CC)c3cccc(F)c3)n2)n1)c1cccc(F)c1,rdkit,RDKit,complex,True,failed_quality,False,0.7047054506838322,bond_length_ratio;bond_length_ratio;bond_length_ratio;bond_length_ratio,,
144,CCN(C(=O)c1cccc(-c2cccc(C(=O)N(CC)c3ccc(F)cc3)n2)n1)c1ccc(F)cc1,rdkit,RDKit,ligand,True,passed,True,0.40726322308182716,,,
144,CCN(C(=O)c1cccc(-c2cccc(C(=O)N(CC)c3ccc(F)cc3)n2)n1)c1ccc(F)cc1,rdkit,RDKit,complex,True,failed_quality,False,0.8406782373785973,bond_length_ratio;bond_length_ratio;bond_length_ratio;bond_length_ratio,,
145,CCc1ccc(N(CC)C(=O)c2cccc(-c3cccc(C(=O)N(CC)c4ccc(CC)cc4)n3)n2)cc1,rdkit,RDKit,ligand,True,passed,True,0.6058294586837292,,,
145,CCc1ccc(N(CC)C(=O)c2cccc(-c3cccc(C(=O)N(CC)c4ccc(CC)cc4)n3)n2)cc1,rdkit,RDKit,complex,True,failed_quality,False,1.3655022997409105,atom_overlap;atom_too_close;atom_too_close;bond_length_ratio;short_bond;bond_length_ratio,,
146,CCN(C(=O)c1cccc(-c2cccc(C(=O)N(CC)c3ccc(C(C)C)cc3)n2)n1)c1ccc(C(C)C)cc1,rdkit,RDKit,ligand,True,passed,True,0.8800200838595629,,,
146,CCN(C(=O)c1cccc(-c2cccc(C(=O)N(CC)c3ccc(C(C)C)cc3)n2)n1)c1ccc(C(C)C)cc1,rdkit,RDKit,complex,True,failed_quality,False,1.482366632670164,bond_length_ratio;bond_length_ratio;bond_length_ratio;bond_length_ratio,,
147,CCN(C(=O)c1cccc(-c2cccc(C(=O)N(CC)c3ccc(C)c(C)c3)n2)n1)c1ccc(C)c(C)c1,rdkit,RDKit,ligand,True,passed,True,0.3600688762962818,,,
147,CCN(C(=O)c1cccc(-c2cccc(C(=O)N(CC)c3ccc(C)c(C)c3)n2)n1)c1ccc(C)c(C)c1,rdkit,RDKit,complex,True,failed_quality,False,1.3191430978477001,bond_length_ratio;bond_length_ratio;bond_length_ratio;bond_length_ratio,,
148,CCN(C(=O)c1cccc(-c2cccc(C(=O)N(CC)c3cc(C)ccc3C)n2)n1)c1cc(C)ccc1C,rdkit,RDKit,ligand,True,passed,True,0.5632702633738518,,,
148,CCN(C(=O)c1cccc(-c2cccc(C(=O)N(CC)c3cc(C)ccc3C)n2)n1)c1cc(C)ccc1C,rdkit,RDKit,complex,True,failed_quality,False,0.5888194218277931,atom_too_close;bond_length_ratio;bond_length_ratio;bond_length_ratio;bond_length_ratio,,
149,CCN(C(=O)c1cccc(-c2cccc(C(=O)N(CC)c3ccccc3F)n2)n1)c1ccccc1F,rdkit,RDKit,ligand,True,passed,True,0.24994675070047379,,,
149,CCN(C(=O)c1cccc(-c2cccc(C(=O)N(CC)c3ccccc3F)n2)n1)c1ccccc1F,rdkit,RDKit,complex,True,failed_quality,False,0.7480910904705524,bond_length_ratio;bond_length_ratio;bond_length_ratio;bond_length_ratio,,
150,CCCCNC(=O)c1ccc2ccc3ccc(C(=O)NCCCC)nc3c2n1,rdkit,RDKit,ligand,True,passed,True,0.26202027313411236,,,
150,CCCCNC(=O)c1ccc2ccc3ccc(C(=O)NCCCC)nc3c2n1,rdkit,RDKit,complex,True,failed_quality,False,0.1468419823795557,atom_too_close;atom_too_close;bond_length_ratio;short_bond;bond_length_ratio,,
151,CCCCCCNC(=O)c1ccc2ccc3ccc(C(=O)NCCCCCC)nc3c2n1,rdkit,RDKit,ligand,True,passed,True,0.44505690410733223,,,
151,CCCCCCNC(=O)c1ccc2ccc3ccc(C(=O)NCCCCCC)nc3c2n1,rdkit,RDKit,complex,True,failed_quality,False,2.1841680333018303,atom_too_close;atom_too_close;atom_too_close;bond_length_ratio;short_bond;bond_length_ratio;bond_length_ratio,,
152,CCCCCCCCNC(=O)c1ccc2ccc3ccc(C(=O)NCCCCCCCC)nc3c2n1,rdkit,RDKit,ligand,True,passed,True,1.3593544475734234,,,
152,CCCCCCCCNC(=O)c1ccc2ccc3ccc(C(=O)NCCCCCCCC)nc3c2n1,rdkit,RDKit,complex,True,failed_quality,False,1.0405702497810125,bond_length_ratio;bond_length_ratio,,
153,CCc1cc(-c2ccc3ccc4ccc(C(=O)N(CC)CC)nc4c3n2)n[nH]1,rdkit,RDKit,ligand,True,passed,True,0.2553353998810053,,,
153,CCc1cc(-c2ccc3ccc4ccc(C(=O)N(CC)CC)nc4c3n2)n[nH]1,rdkit,RDKit,complex,True,failed_quality,False,0.17090549133718014,bond_length_ratio;bond_length_ratio,,
154,O=C(c1ccc2ccc3ccc(-c4cc(CCCCCCO)[nH]n4)nc3c2n1)N(CCCCCCO)CCCCCCO,rdkit,RDKit,ligand,True,passed,True,0.6353465709835291,,,
154,O=C(c1ccc2ccc3ccc(-c4cc(CCCCCCO)[nH]n4)nc3c2n1)N(CCCCCCO)CCCCCCO,rdkit,RDKit,complex,True,failed_quality,False,3.1639153994619846,bond_length_ratio;bond_length_ratio;bond_length_ratio;bond_length_ratio,,
155,CC(C)N(C(=O)c1ccc2ccc3ccc(C(=O)N(C(C)C)C(C)C)nc3c2n1)C(C)C,rdkit,RDKit,ligand,True,passed,True,0.22264567576348782,,,
155,CC(C)N(C(=O)c1ccc2ccc3ccc(C(=O)N(C(C)C)C(C)C)nc3c2n1)C(C)C,rdkit,RDKit,complex,True,failed_quality,False,0.4667260944843292,atom_too_close;atom_too_close;atom_too_close;bond_length_ratio;bond_length_ratio;short_bond;bond_length_ratio,,
156,CC1CCCC(C)N1C(=O)c1ccc2ccc3ccc(C(=O)N4C(C)CCCC4C)nc3c2n1,rdkit,RDKit,ligand,True,passed,True,0.5136898048222065,,,
156,CC1CCCC(C)N1C(=O)c1ccc2ccc3ccc(C(=O)N4C(C)CCCC4C)nc3c2n1,rdkit,RDKit,complex,True,failed_quality,False,1.526356028392911,bond_length_ratio;bond_length_ratio;bond_length_ratio;bond_length_ratio;bond_ring_piercing,,
157,O=C(c1ccc2ccc3ccc(C(=O)N4CCOCC4)nc3c2n1)N1CCOCC1,rdkit,RDKit,ligand,True,passed,True,0.1971895582973957,,,
157,O=C(c1ccc2ccc3ccc(C(=O)N4CCOCC4)nc3c2n1)N1CCOCC1,rdkit,RDKit,complex,True,failed_quality,False,0.21194846369326115,bond_length_ratio;bond_length_ratio;bond_length_ratio;bond_length_ratio;bond_length_ratio;bond_length_ratio;bond_length_ratio;bond_length_ratio;bond_ring_piercing;bond_ring_piercing,,
158,O=C(NC1CCCCC1)c1ccc2ccc3ccc(C(=O)NC4CCCCC4)nc3c2n1,rdkit,RDKit,ligand,True,passed,True,0.25289636477828026,,,
158,O=C(NC1CCCCC1)c1ccc2ccc3ccc(C(=O)NC4CCCCC4)nc3c2n1,rdkit,RDKit,complex,True,failed_quality,False,0.4781706668436527,atom_too_close;short_bond;bond_length_ratio;bond_length_ratio;bond_length_ratio,,
159,CCC(CC)CNC(=O)c1ccc2ccc3ccc(C(=O)NCC(CC)CC)nc3c2n1,rdkit,RDKit,ligand,True,passed,True,0.29297261498868465,,,
159,CCC(CC)CNC(=O)c1ccc2ccc3ccc(C(=O)NCC(CC)CC)nc3c2n1,rdkit,RDKit,complex,True,failed_quality,False,0.914968254044652,bond_length_ratio;bond_length_ratio;bond_length_ratio;bond_length_ratio,,
160,CCOC(=O)c1cccc(N(CC)C(=O)c2ccc3ccc4ccc(C(=O)N(CC)c5cccc(C(=O)OCC)c5)nc4c3n2)c1,rdkit,RDKit,ligand,True,passed,True,0.9417629390954971,,,
160,CCOC(=O)c1cccc(N(CC)C(=O)c2ccc3ccc4ccc(C(=O)N(CC)c5cccc(C(=O)OCC)c5)nc4c3n2)c1,rdkit,RDKit,complex,True,failed_quality,False,1.4992530066519976,atom_too_close;atom_too_close;bond_length_ratio;bond_length_ratio;bond_length_ratio;bond_length_ratio,,
161,CCCCN(C(=O)c1ccc2ccc3ccc(C(=O)N(CCCC)c4cccc(C(=O)OCC)c4)nc3c2n1)c1cccc(C(=O)OCC)c1,rdkit,RDKit,ligand,True,passed,True,1.195037242025137,,,
161,CCCCN(C(=O)c1ccc2ccc3ccc(C(=O)N(CCCC)c4cccc(C(=O)OCC)c4)nc3c2n1)c1cccc(C(=O)OCC)c1,rdkit,RDKit,complex,True,failed_quality,False,1.7160300072282553,bond_length_ratio;bond_length_ratio;bond_length_ratio;bond_length_ratio;bond_ring_piercing,,
162,CCCCCCCCN(C(=O)c1ccc2ccc3ccc(C(=O)N(CCCCCCCC)c4cccc(C(=O)OCC)c4)nc3c2n1)c1cccc(C(=O)OCC)c1,rdkit,RDKit,ligand,True,passed,True,2.896633669734001,,,
162,CCCCCCCCN(C(=O)c1ccc2ccc3ccc(C(=O)N(CCCCCCCC)c4cccc(C(=O)OCC)c4)nc3c2n1)c1cccc(C(=O)OCC)c1,rdkit,RDKit,complex,True,failed_quality,False,8.007536213845015,bond_length_ratio;bond_length_ratio;bond_length_ratio;bond_length_ratio,,
163,CCCN(C(=O)c1ccc2ccc3ccc(C(=O)N(CCC)c4ccc(C)cc4)nc3c2n1)c1ccc(C)cc1,rdkit,RDKit,ligand,True,passed,True,0.42213565297424793,,,
163,CCCN(C(=O)c1ccc2ccc3ccc(C(=O)N(CCC)c4ccc(C)cc4)nc3c2n1)c1ccc(C)cc1,rdkit,RDKit,complex,True,failed_quality,False,0.689070051535964,atom_too_close;atom_too_close;bond_length_ratio;short_bond;bond_length_ratio;bond_ring_piercing,,
164,CCc1ccc(N(CC)C(=O)c2ccc3ccc4ccc(C(=O)N(CC)c5ccc(CC)cc5)nc4c3n2)cc1,rdkit,RDKit,ligand,True,passed,True,0.5759062357246876,,,
164,CCc1ccc(N(CC)C(=O)c2ccc3ccc4ccc(C(=O)N(CC)c5ccc(CC)cc5)nc4c3n2)cc1,rdkit,RDKit,complex,True,failed_quality,False,0.40311660431325436,atom_too_close;bond_length_ratio;bond_length_ratio;bond_length_ratio,,
165,CCCCc1ccc(N(CC)C(=O)c2ccc3ccc4ccc(C(=O)N(CC)c5ccc(CCCC)cc5)nc4c3n2)cc1,rdkit,RDKit,ligand,True,passed,True,1.1662044320255518,,,
165,CCCCc1ccc(N(CC)C(=O)c2ccc3ccc4ccc(C(=O)N(CC)c5ccc(CCCC)cc5)nc4c3n2)cc1,rdkit,RDKit,complex,True,failed_quality,False,1.2832860462367535,bond_length_ratio;bond_length_ratio;bond_length_ratio;bond_length_ratio,,
166,CCCCCCc1ccc(N(CC)C(=O)c2ccc3ccc4ccc(C(=O)N(CC)c5ccc(CCCCCC)cc5)nc4c3n2)cc1,rdkit,RDKit,ligand,True,passed,True,2.6929435078054667,,,
166,CCCCCCc1ccc(N(CC)C(=O)c2ccc3ccc4ccc(C(=O)N(CC)c5ccc(CCCCCC)cc5)nc4c3n2)cc1,rdkit,RDKit,complex,True,failed_quality,False,2.555205576121807,bond_length_ratio;bond_length_ratio;bond_length_ratio;bond_length_ratio,,
167,CCN(C(=O)c1ccc2ccc3ccc(C(=O)N(CC)c4ccc(C(C)(C)C)cc4)nc3c2n1)c1ccc(C(C)(C)C)cc1,rdkit,RDKit,ligand,True,passed,True,0.6727195158600807,,,
167,CCN(C(=O)c1ccc2ccc3ccc(C(=O)N(CC)c4ccc(C(C)(C)C)cc4)nc3c2n1)c1ccc(C(C)(C)C)cc1,rdkit,RDKit,complex,True,failed_quality,False,0.46375472843647003,atom_too_close;atom_too_close;atom_too_close;atom_too_close;atom_too_close;atom_too_close;bond_length_ratio;bond_length_ratio,,
168,CCN(C(=O)c1ccc2ccc3ccc(C(=O)N(CC)c4ccc(C5CCCCC5)cc4)nc3c2n1)c1ccc(C2CCCCC2)cc1,rdkit,RDKit,ligand,True,passed,True,0.8581912759691477,,,
168,CCN(C(=O)c1ccc2ccc3ccc(C(=O)N(CC)c4ccc(C5CCCCC5)cc4)nc3c2n1)c1ccc(C2CCCCC2)cc1,rdkit,RDKit,complex,True,failed_quality,False,0.9496282432228327,atom_too_close;atom_too_close;atom_too_close;atom_too_close;atom_too_close;bond_length_ratio;bond_length_ratio;bond_ring_piercing;bond_ring_piercing,,
169,CCN(C(=O)c1ccc2ccc3ccc(C(=O)N(CC)c4ccc5c(c4)CCCC5)nc3c2n1)c1ccc2c(c1)CCCC2,rdkit,RDKit,ligand,True,passed,True,0.6408634670078754,,,
169,CCN(C(=O)c1ccc2ccc3ccc(C(=O)N(CC)c4ccc5c(c4)CCCC5)nc3c2n1)c1ccc2c(c1)CCCC2,rdkit,RDKit,complex,True,failed_quality,False,1.8723450228571892,bond_length_ratio;bond_length_ratio;bond_length_ratio;bond_length_ratio;bond_ring_piercing,,
170,CCCN(C(=O)c1cc(Cl)c2ccc3c(Cl)cc(C(=O)N(CCC)c4ccc(C)cc4)nc3c2n1)c1ccc(C)cc1,rdkit,RDKit,ligand,True,passed,True,0.5219967067241669,,,
170,CCCN(C(=O)c1cc(Cl)c2ccc3c(Cl)cc(C(=O)N(CCC)c4ccc(C)cc4)nc3c2n1)c1ccc(C)cc1,rdkit,RDKit,complex,True,failed_quality,False,1.1916623655706644,atom_too_close;bond_length_ratio;bond_length_ratio;bond_length_ratio;bond_length_ratio,,
171,CCN(C(=O)c1cc(Cl)c2ccc3c(Cl)cc(C(=O)N(CC)c4ccc(C)cc4)nc3c2n1)c1ccc(C)cc1,rdkit,RDKit,ligand,True,passed,True,0.5764430649578571,,,
171,CCN(C(=O)c1cc(Cl)c2ccc3c(Cl)cc(C(=O)N(CC)c4ccc(C)cc4)nc3c2n1)c1ccc(C)cc1,rdkit,RDKit,complex,True,failed_quality,False,0.19468294642865658,atom_too_close;atom_too_close;short_bond;bond_length_ratio;short_bond;bond_length_ratio,,
172,CCc1ccc(N(CC)C(=O)c2cc(Cl)c3ccc4c(Cl)cc(C(=O)N(CC)c5ccc(CC)cc5)nc4c3n2)cc1,rdkit,RDKit,ligand,True,passed,True,0.6954079587012529,,,
172,CCc1ccc(N(CC)C(=O)c2cc(Cl)c3ccc4c(Cl)cc(C(=O)N(CC)c5ccc(CC)cc5)nc4c3n2)cc1,rdkit,RDKit,complex,True,failed_quality,False,0.2649592701345682,atom_too_close;atom_too_close;bond_length_ratio;short_bond;bond_length_ratio,,
173,CCCCc1ccc(N(CC)C(=O)c2cc(Cl)c3ccc4c(Cl)cc(C(=O)N(CC)c5ccc(CCCC)cc5)nc4c3n2)cc1,rdkit,RDKit,ligand,True,passed,True,1.2857988476753235,,,
173,CCCCc1ccc(N(CC)C(=O)c2cc(Cl)c3ccc4c(Cl)cc(C(=O)N(CC)c5ccc(CCCC)cc5)nc4c3n2)cc1,rdkit,RDKit,complex,True,failed_quality,False,1.9134382158517838,bond_length_ratio;bond_length_ratio;bond_length_ratio;bond_length_ratio,,
174,CCCCCCc1ccc(N(CC)C(=O)c2cc(Cl)c3ccc4c(Cl)cc(C(=O)N(CC)c5ccc(CCCCCC)cc5)nc4c3n2)cc1,rdkit,RDKit,ligand,True,passed,True,1.103368528187275,,,
174,CCCCCCc1ccc(N(CC)C(=O)c2cc(Cl)c3ccc4c(Cl)cc(C(=O)N(CC)c5ccc(CCCCCC)cc5)nc4c3n2)cc1,rdkit,RDKit,complex,True,failed_quality,False,2.217486010864377,bond_length_ratio;bond_length_ratio;bond_length_ratio;bond_length_ratio,,
175,CCN(C(=O)c1cc(Cl)c2ccc3c(Cl)cc(C(=O)N(CC)c4ccc(C(C)(C)C)cc4)nc3c2n1)c1ccc(C(C)(C)C)cc1,rdkit,RDKit,ligand,True,passed,True,0.7946653347462416,,,
175,CCN(C(=O)c1cc(Cl)c2ccc3c(Cl)cc(C(=O)N(CC)c4ccc(C(C)(C)C)cc4)nc3c2n1)c1ccc(C(C)(C)C)cc1,rdkit,RDKit,complex,True,failed_quality,False,1.8468903712928295,atom_too_close;bond_length_ratio;bond_length_ratio;bond_length_ratio;bond_length_ratio,,
176,CCN(C(=O)c1cc(Cl)c2ccc3c(Cl)cc(C(=O)N(CC)c4ccc(C5CCCCC5)cc4)nc3c2n1)c1ccc(C2CCCCC2)cc1,rdkit,RDKit,ligand,True,passed,True,0.6815176699310541,,,
176,CCN(C(=O)c1cc(Cl)c2ccc3c(Cl)cc(C(=O)N(CC)c4ccc(C5CCCCC5)cc4)nc3c2n1)c1ccc(C2CCCCC2)cc1,rdkit,RDKit,complex,True,failed_quality,False,0.608352068811655,atom_too_close;bond_length_ratio;short_bond;bond_length_ratio;bond_length_ratio,,
177,CCN(C(=O)c1cc(Cl)c2ccc3c(Cl)cc(C(=O)N(CC)c4ccc5c(c4)CCCC5)nc3c2n1)c1ccc2c(c1)CCCC2,rdkit,RDKit,ligand,True,passed,True,0.7041210625320673,,,
177,CCN(C(=O)c1cc(Cl)c2ccc3c(Cl)cc(C(=O)N(CC)c4ccc5c(c4)CCCC5)nc3c2n1)c1ccc2c(c1)CCCC2,rdkit,RDKit,complex,True,failed_quality,False,1.4372998997569084,atom_too_close;atom_too_close;atom_too_close;atom_too_close;bond_length_ratio;bond_length_ratio;bond_ring_piercing,,
178,CCCCCCn1cc(-c2ccc3ccc4ccc(-c5cn(CCCCCC)nn5)nc4c3n2)nn1,rdkit,RDKit,ligand,True,passed,True,0.7991617918014526,,,
178,CCCCCCn1cc(-c2ccc3ccc4ccc(-c5cn(CCCCCC)nn5)nc4c3n2)nn1,rdkit,RDKit,complex,True,failed_quality,False,0.6553120315074921,bond_length_ratio;bond_length_ratio;short_bond;bond_length_ratio,,
179,c1ccc(Cn2cc(-c3ccc4ccc5ccc(-c6cn(Cc7ccccc7)nn6)nc5c4n3)nn2)cc1,rdkit,RDKit,ligand,True,passed,True,0.6508180201053619,,,
179,c1ccc(Cn2cc(-c3ccc4ccc5ccc(-c6cn(Cc7ccccc7)nn6)nc5c4n3)nn2)cc1,rdkit,RDKit,complex,True,failed_quality,False,0.598533071577549,bond_length_ratio;bond_length_ratio;bond_length_ratio;bond_length_ratio,,
180,CC(C)(C)c1cc(-c2cccc(-c3cc(C(C)(C)C)[nH]n3)n2)n[nH]1,rdkit,RDKit,ligand,True,passed,True,0.17959702759981155,,,
180,CC(C)(C)c1cc(-c2cccc(-c3cc(C(C)(C)C)[nH]n3)n2)n[nH]1,rdkit,RDKit,complex,True,failed_quality,False,0.13029489666223526,bond_length_ratio;bond_length_ratio;bond_length_ratio,,
181,OCCCn1cc(-c2cccc(-c3cn(CCCO)nn3)n2)nn1,rdkit,RDKit,ligand,True,passed,True,0.13328937627375126,,,
181,OCCCn1cc(-c2cccc(-c3cn(CCCO)nn3)n2)nn1,rdkit,RDKit,complex,True,failed_quality,False,0.09639622084796429,bond_length_ratio;bond_length_ratio;bond_length_ratio,,
182,CC(C)(C)c1ccccc1,rdkit,RDKit,ligand,True,passed,True,0.011144481599330902,,,
182,CC(C)(C)c1ccccc1,rdkit,RDKit,complex,False,not_eligible,,,,,
183,CCCCCCCCCCCCCCC(C(=O)N(C)CCCC)C(=O)N(C)CCCC,rdkit,RDKit,ligand,True,passed,True,0.6851071082055569,,,
183,CCCCCCCCCCCCCCC(C(=O)N(C)CCCC)C(=O)N(C)CCCC,rdkit,RDKit,complex,True,failed_quality,False,0.7654019203037024,atom_too_close;short_bond;bond_length_ratio,,
184,CCCCCCCCN(C)C(=O)C(CCOCCCCCC)C(=O)N(C)CCCCCCCC,rdkit,RDKit,ligand,True,passed,True,2.117032017558813,,,
184,CCCCCCCCN(C)C(=O)C(CCOCCCCCC)C(=O)N(C)CCCCCCCC,rdkit,RDKit,complex,True,failed_quality,False,1.0524001494050026,atom_too_close;short_bond;bond_length_ratio;short_bond;bond_length_ratio,,
185,O=S(=O)(c1ccccc1)C(F)(F)F,rdkit,RDKit,ligand,True,passed,True,0.007287388667464256,,,
185,O=S(=O)(c1ccccc1)C(F)(F)F,rdkit,RDKit,complex,False,not_eligible,,,,,
186,CCCCCCCCCCCC,rdkit,RDKit,ligand,True,passed,True,0.07634779624640942,,,
186,CCCCCCCCCCCC,rdkit,RDKit,complex,False,not_eligible,,,,,
187,O=[N+]([O-])c1cccc(C(F)(F)F)c1,rdkit,RDKit,ligand,True,passed,True,0.006919629871845245,,,
187,O=[N+]([O-])c1cccc(C(F)(F)F)c1,rdkit,RDKit,complex,False,not_eligible,,,,,
1,O=C(O)c1ccc2ccc3ccc(C(=O)O)nc3c2n1,openbabel,Open Babel,ligand,True,passed,True,0.18097325041890144,,,
1,O=C(O)c1ccc2ccc3ccc(C(=O)O)nc3c2n1,openbabel,Open Babel,complex,True,passed,True,0.17211837507784367,,,
2,OCc1ccc2ccc3ccc(CO)nc3c2n1,openbabel,Open Babel,ligand,True,passed,True,0.13231465965509415,,,
2,OCc1ccc2ccc3ccc(CO)nc3c2n1,openbabel,Open Babel,complex,True,passed,True,0.34983822889626026,,,
3,CCN(CC)C(=O)c1ccc2ccc3cccnc3c2n1,openbabel,Open Babel,ligand,True,passed,True,0.45290316082537174,,,
3,CCN(CC)C(=O)c1ccc2ccc3cccnc3c2n1,openbabel,Open Babel,complex,True,passed,True,1.5115423388779163,,,
4,CCCCN(CCCC)C(=O)c1ccc2ccc3cccnc3c2n1,openbabel,Open Babel,ligand,True,passed,True,0.9375173840671778,,,
4,CCCCN(CCCC)C(=O)c1ccc2ccc3cccnc3c2n1,openbabel,Open Babel,complex,True,passed,True,1.6155228782445192,,,
5,CCCCCCN(CCCCCC)C(=O)c1ccc2ccc3cccnc3c2n1,openbabel,Open Babel,ligand,True,passed,True,0.7112058587372303,,,
5,CCCCCCN(CCCCCC)C(=O)c1ccc2ccc3cccnc3c2n1,openbabel,Open Babel,complex,True,passed,True,1.3106226827949286,,,
6,CN(C(=O)c1ccc2ccc3cccnc3c2n1)c1ccccc1,openbabel,Open Babel,ligand,True,passed,True,0.6699820756912231,,,
6,CN(C(=O)c1ccc2ccc3cccnc3c2n1)c1ccccc1,openbabel,Open Babel,complex,True,passed,True,1.1532160714268684,,,
7,CCN(C(=O)c1ccc2ccc3cccnc3c2n1)c1ccc(C)cc1,openbabel,Open Babel,ligand,True,passed,True,0.2452816478908062,,,
7,CCN(C(=O)c1ccc2ccc3cccnc3c2n1)c1ccc(C)cc1,openbabel,Open Babel,complex,True,passed,True,1.734635742381215,,,
8,NC(=O)c1ccc2ccc3ccc(C(N)=O)nc3c2n1,openbabel,Open Babel,ligand,True,passed,True,0.15076007694005966,,,
8,NC(=O)c1ccc2ccc3ccc(C(N)=O)nc3c2n1,openbabel,Open Babel,complex,True,passed,True,0.13234766945242882,,,
9,CCCCNC(=O)c1ccc2ccc3ccc(C(=O)NCCC)nc3c2n1,openbabel,Open Babel,ligand,True,passed,True,0.6025953125208616,,,
9,CCCCNC(=O)c1ccc2ccc3ccc(C(=O)NCCC)nc3c2n1,openbabel,Open Babel,complex,True,passed,True,1.1671437826007605,,,
10,CCCCCCCCCCCCN(CCCCCCCCCCCC)C(=O)c1ccc2ccc3ccc(C(=O)N(CCCCCCCCCCCC)CCCCCCCCCCCC)nc3c2n1,openbabel,Open Babel,ligand,True,passed,True,3.553092112764716,,,
10,CCCCCCCCCCCCN(CCCCCCCCCCCC)C(=O)c1ccc2ccc3ccc(C(=O)N(CCCCCCCCCCCC)CCCCCCCCCCCC)nc3c2n1,openbabel,Open Babel,complex,True,passed,True,1.7159071415662766,,,
11,CCN(C(=O)c1ccc2ccc3ccc(C(=O)N(CC)c4ccc(C)cc4)nc3c2n1)c1ccc(C)cc1,openbabel,Open Babel,ligand,True,passed,True,0.9603533465415239,,,
11,CCN(C(=O)c1ccc2ccc3ccc(C(=O)N(CC)c4ccc(C)cc4)nc3c2n1)c1ccc(C)cc1,openbabel,Open Babel,complex,True,passed,True,2.6558646466583014,,,
12,CCN(CC)C(=O)c1ccc2ccc3ccc(C(=O)N(CC)CC)nc3c2n1,openbabel,Open Babel,ligand,True,passed,True,1.2085699122399092,,,
12,CCN(CC)C(=O)c1ccc2ccc3ccc(C(=O)N(CC)CC)nc3c2n1,openbabel,Open Babel,complex,True,passed,True,1.1620176658034325,,,
13,CCCCN(CCCC)C(=O)c1ccc2ccc3ccc(C(=O)N(CCCC)CCCC)nc3c2n1,openbabel,Open Babel,ligand,True,passed,True,1.8922916240990162,,,
13,CCCCN(CCCC)C(=O)c1ccc2ccc3ccc(C(=O)N(CCCC)CCCC)nc3c2n1,openbabel,Open Babel,complex,True,passed,True,4.107615754008293,,,
14,CCCCCCN(CCCCCC)C(=O)c1ccc2ccc3ccc(C(=O)N(CCCCCC)CCCCCC)nc3c2n1,openbabel,Open Babel,ligand,True,passed,True,1.2272711656987667,,,
14,CCCCCCN(CCCCCC)C(=O)c1ccc2ccc3ccc(C(=O)N(CCCCCC)CCCCCC)nc3c2n1,openbabel,Open Babel,complex,True,passed,True,1.9232114981859922,,,
15,CCCCCCCCN(CCCCCCCC)C(=O)c1ccc2ccc3ccc(C(=O)N(CCCCCCCC)CCCCCCCC)nc3c2n1,openbabel,Open Babel,ligand,True,passed,True,1.8104390557855368,,,
15,CCCCCCCCN(CCCCCCCC)C(=O)c1ccc2ccc3ccc(C(=O)N(CCCCCCCC)CCCCCCCC)nc3c2n1,openbabel,Open Babel,complex,True,passed,True,3.3909391034394503,,,
16,O=C(c1ccc2ccc3ccc(C(=O)N4CCCc5ccccc54)nc3c2n1)N1CCCc2ccccc21,openbabel,Open Babel,ligand,True,passed,True,1.7544804327189922,,,
16,O=C(c1ccc2ccc3ccc(C(=O)N4CCCc5ccccc54)nc3c2n1)N1CCCc2ccccc21,openbabel,Open Babel,complex,True,passed,True,1.0354049298912287,,,
17,CN(C(=O)c1ccc2ccc3ccc(C(=O)N(C)c4ccccc4)nc3c2n1)c1ccccc1,openbabel,Open Babel,ligand,True,passed,True,1.0866221748292446,,,
17,CN(C(=O)c1ccc2ccc3ccc(C(=O)N(C)c4ccccc4)nc3c2n1)c1ccccc1,openbabel,Open Babel,complex,True,passed,True,1.4076920002698898,,,
18,CCN(C(=O)c1ccc2ccc3ccc(C(=O)N(CC)c4ccccc4)nc3c2n1)c1ccccc1,openbabel,Open Babel,ligand,True,passed,True,1.0602646805346012,,,
18,CCN(C(=O)c1ccc2ccc3ccc(C(=O)N(CC)c4ccccc4)nc3c2n1)c1ccccc1,openbabel,Open Babel,complex,True,passed,True,1.6119637098163366,,,
19,CCCCCCCCN(C(=O)c1ccc2ccc3ccc(C(=O)N(CCCCCCCC)c4ccccc4)nc3c2n1)c1ccccc1,openbabel,Open Babel,ligand,True,passed,True,2.101831303909421,,,
19,CCCCCCCCN(C(=O)c1ccc2ccc3ccc(C(=O)N(CCCCCCCC)c4ccccc4)nc3c2n1)c1ccccc1,openbabel,Open Babel,complex,True,passed,True,3.102851143106818,,,
20,CCCCCCn1c(-c2ccccc2)c(-c2ccccc2)c2cc3ccc4cc5c(-c6ccccc6)c(-c6ccccc6)n(CCCCCC)c(=O)c5nc4c3nc2c1=O,openbabel,Open Babel,ligand,True,passed,True,7.756277358159423,,,
20,CCCCCCn1c(-c2ccccc2)c(-c2ccccc2)c2cc3ccc4cc5c(-c6ccccc6)c(-c6ccccc6)n(CCCCCC)c(=O)c5nc4c3nc2c1=O,openbabel,Open Babel,complex,True,passed,True,2.440382394939661,,,
21,O=C(NC(CO)(CO)CO)c1ccc2ccc3ccc(C(=O)NC(CO)(CO)CO)nc3c2n1,openbabel,Open Babel,ligand,True,passed,True,1.6137918960303068,,,
21,O=C(NC(CO)(CO)CO)c1ccc2ccc3ccc(C(=O)NC(CO)(CO)CO)nc3c2n1,openbabel,Open Babel,complex,True,failed_quality,False,8.04824898391962,atom_overlap;atom_too_close;atom_too_close;bond_length_ratio,,
22,O=S(=O)(O)c1cccc(-c2nnc(-c3ccc4ccc5ccc(-c6nnc(-c7cccc(S(=O)(=O)O)c7)c(-c7cccc(S(=O)(=O)O)c7)n6)nc5c4n3)nc2-c2cccc(S(=O)(=O)O)c2)c1,openbabel,Open Babel,ligand,True,passed,True,2.2526483424007893,,,
22,O=S(=O)(O)c1cccc(-c2nnc(-c3ccc4ccc5ccc(-c6nnc(-c7cccc(S(=O)(=O)O)c7)c(-c7cccc(S(=O)(=O)O)c7)n6)nc5c4n3)nc2-c2cccc(S(=O)(=O)O)c2)c1,openbabel,Open Babel,complex,True,failed_quality,False,5.6136365961283445,bond_length_ratio,,
23,O=C(Nc1cccc(S(=O)(=O)O)c1)c1ccc2ccc3ccc(C(=O)Nc4cccc(S(=O)(=O)O)c4)nc3c2n1,openbabel,Open Babel,ligand,True,passed,True,1.2580913919955492,,,
23,O=C(Nc1cccc(S(=O)(=O)O)c1)c1ccc2ccc3ccc(C(=O)Nc4cccc(S(=O)(=O)O)c4)nc3c2n1,openbabel,Open Babel,complex,True,passed,True,2.0394292548298836,,,
24,O=C(CNC(CO)(CO)CO)Cn1cc(-c2cccc(-c3cn(CC(=O)CNC(CO)(CO)CO)nn3)n2)nn1,openbabel,Open Babel,ligand,True,passed,True,0.944280220195651,,,
24,O=C(CNC(CO)(CO)CO)Cn1cc(-c2cccc(-c3cn(CC(=O)CNC(CO)(CO)CO)nn3)n2)nn1,openbabel,Open Babel,complex,True,passed,True,3.068664714694023,,,
25,OCCn1cc(-c2ccc3ccc4ccc(-c5cn(CCO)nn5)nc4c3n2)nn1,openbabel,Open Babel,ligand,True,passed,True,0.473669471219182,,,
25,OCCn1cc(-c2ccc3ccc4ccc(-c5cn(CCO)nn5)nc4c3n2)nn1,openbabel,Open Babel,complex,True,passed,True,0.9455400891602039,,,
26,c1cc(-c2nnn[nH]2)nc(-c2nnn[nH]2)c1,openbabel,Open Babel,ligand,True,passed,True,0.11446309648454189,,,
26,c1cc(-c2nnn[nH]2)nc(-c2nnn[nH]2)c1,openbabel,Open Babel,complex,True,passed,True,0.11632312275469303,,,
27,CC1CCC(n2nnnc2-c2cccc(-c3nnnn3C3CCC(C)CC3)n2)CC1,openbabel,Open Babel,ligand,True,passed,True,1.0325927771627903,,,
27,CC1CCC(n2nnnc2-c2cccc(-c3nnnn3C3CCC(C)CC3)n2)CC1,openbabel,Open Babel,complex,True,passed,True,2.3504480440169573,,,
28,OCCCn1nnnc1-c1cccc(-c2nnnn2CCCO)n1,openbabel,Open Babel,ligand,True,passed,True,0.7203521654009819,,,
28,OCCCn1nnnc1-c1cccc(-c2nnnn2CCCO)n1,openbabel,Open Babel,complex,True,passed,True,1.583044022321701,,,
29,c1ccc(-c2cccc(-c3nnn[nH]3)n2)nc1,openbabel,Open Babel,ligand,True,passed,True,0.3223802335560322,,,
29,c1ccc(-c2cccc(-c3nnn[nH]3)n2)nc1,openbabel,Open Babel,complex,True,passed,True,0.10215031914412975,,,
30,c1ccc(-c2cccc(-c3ccccn3)n2)nc1,openbabel,Open Babel,ligand,True,passed,True,0.3041774518787861,,,
30,c1ccc(-c2cccc(-c3ccccn3)n2)nc1,openbabel,Open Babel,complex,True,passed,True,0.5634893365204334,,,
31,c1ccc(-c2nc(-c3ccccn3)nc(-c3ccccn3)n2)nc1,openbabel,Open Babel,ligand,True,passed,True,0.3536978978663683,,,
31,c1ccc(-c2nc(-c3ccccn3)nc(-c3ccccn3)n2)nc1,openbabel,Open Babel,complex,True,passed,True,1.361283166334033,,,
32,CCc1nnc(-c2cccc(-c3ccccn3)n2)nc1CC,openbabel,Open Babel,ligand,True,passed,True,0.43545866198837757,,,
32,CCc1nnc(-c2cccc(-c3ccccn3)n2)nc1CC,openbabel,Open Babel,complex,True,passed,True,0.5282989535480738,,,
33,CCCc1nnc(-c2cccc(-c3nnc(CCC)c(CCC)n3)n2)nc1CCC,openbabel,Open Babel,ligand,True,passed,True,2.819329334422946,,,
33,CCCc1nnc(-c2cccc(-c3nnc(CCC)c(CCC)n3)n2)nc1CCC,openbabel,Open Babel,complex,True,passed,True,2.4688826128840446,,,
34,CCCCCCn1c(-c2cccc(-c3nc4ccccc4n3CCCCCC)n2)nc2ccccc21,openbabel,Open Babel,ligand,True,passed,True,1.3865665588527918,,,
34,CCCCCCn1c(-c2cccc(-c3nc4ccccc4n3CCCCCC)n2)nc2ccccc21,openbabel,Open Babel,complex,True,passed,True,4.022225907072425,,,
35,CC(C)(C)Cc1cc(-c2cccc(-c3cc(CC(C)(C)C)[nH]n3)n2)n[nH]1,openbabel,Open Babel,ligand,True,passed,True,2.709850788116455,,,
35,CC(C)(C)Cc1cc(-c2cccc(-c3cc(CC(C)(C)C)[nH]n3)n2)n[nH]1,openbabel,Open Babel,complex,True,passed,True,2.386394552886486,,,
36,CCCCc1nc(-c2cccc(-c3n[nH]c(CCCC)n3)n2)n[nH]1,openbabel,Open Babel,ligand,True,passed,True,1.4036917351186275,,,
36,CCCCc1nc(-c2cccc(-c3n[nH]c(CCCC)n3)n2)n[nH]1,openbabel,Open Babel,complex,True,passed,True,1.0199581496417522,,,
37,CCCCn1cc(-c2cccc(-c3cn(CCCO)nn3)n2)nn1,openbabel,Open Babel,ligand,True,passed,True,1.8592238929122686,,,
37,CCCCn1cc(-c2cccc(-c3cn(CCCO)nn3)n2)nn1,openbabel,Open Babel,complex,True,passed,True,1.3967776093631983,,,
38,CCOP(=O)(OCC)c1ccc2ccc3ccc(P(=O)(OCC)OCC)nc3c2n1,openbabel,Open Babel,ligand,True,passed,True,1.0626607276499271,,,
38,CCOP(=O)(OCC)c1ccc2ccc3ccc(P(=O)(OCC)OCC)nc3c2n1,openbabel,Open Babel,complex,True,passed,True,1.0672240518033504,,,
39,O=P(c1ccccc1)(c1ccccc1)c1cccc(P(=O)(c2ccccc2)c2ccccc2)n1,openbabel,Open Babel,ligand,True,passed,True,2.480669293552637,,,
39,O=P(c1ccccc1)(c1ccccc1)c1cccc(P(=O)(c2ccccc2)c2ccccc2)n1,openbabel,Open Babel,complex,True,failed_quality,False,4.087041404098272,bond_length_ratio;bond_length_ratio;bond_ring_piercing;bond_ring_piercing,,
40,O=P(c1ccccc1)(c1ccccc1)c1ccc2ccc3ccc(P(=O)(c4ccccc4)c4ccccc4)nc3c2n1,openbabel,Open Babel,ligand,True,passed,True,3.4981918781995773,,,
40,O=P(c1ccccc1)(c1ccccc1)c1ccc2ccc3ccc(P(=O)(c4ccccc4)c4ccccc4)nc3c2n1,openbabel,Open Babel,complex,True,passed,True,4.6987854689359665,,,
41,CCCCCCc1ccc(N(CC)C(=O)c2cccc(-c3cccc(C(=O)N(CC)c4ccc(CCCCCC)cc4)n3)n2)cc1,openbabel,Open Babel,ligand,True,passed,True,1.0314013604074717,,,
41,CCCCCCc1ccc(N(CC)C(=O)c2cccc(-c3cccc(C(=O)N(CC)c4ccc(CCCCCC)cc4)n3)n2)cc1,openbabel,Open Babel,complex,True,passed,True,3.254775535315275,,,
42,CC1(C)CCC(C)(C)c2nc(-c3cccc(-c4nnc5c(n4)C(C)(C)CCC5(C)C)n3)nnc21,openbabel,Open Babel,ligand,True,passed,True,0.24644774943590164,,,
42,CC1(C)CCC(C)(C)c2nc(-c3cccc(-c4nnc5c(n4)C(C)(C)CCC5(C)C)n3)nnc21,openbabel,Open Babel,complex,True,passed,True,2.7598133366554976,,,
43,CC1(C)CCC(C)(C)c2nc(-c3ccc4ccc5ccc(-c6nnc7c(n6)C(C)(C)CCC7(C)C)nc5c4n3)nnc21,openbabel,Open Babel,ligand,True,passed,True,0.994909992441535,,,
43,CC1(C)CCC(C)(C)c2nc(-c3ccc4ccc5ccc(-c6nnc7c(n6)C(C)(C)CCC7(C)C)nc5c4n3)nnc21,openbabel,Open Babel,complex,True,passed,True,4.380574699491262,,,
44,CC(C)OP(=O)(OC(C)C)c1ccc2ccc3ccc(P(=O)(OC(C)C)OC(C)C)nc3c2n1,openbabel,Open Babel,ligand,True,passed,True,6.262413211166859,,,
44,CC(C)OP(=O)(OC(C)C)c1ccc2ccc3ccc(P(=O)(OC(C)C)OC(C)C)nc3c2n1,openbabel,Open Babel,complex,True,passed,True,3.976095348596573,,,
45,O=P(COC1CCCCC1)(OC1CCCCC1)c1cccc(-c2cccc(P(=O)(OC3CCCCC3)OC3CCCCC3)n2)n1,openbabel,Open Babel,ligand,True,passed,True,2.6808566134423018,,,
45,O=P(COC1CCCCC1)(OC1CCCCC1)c1cccc(-c2cccc(P(=O)(OC3CCCCC3)OC3CCCCC3)n2)n1,openbabel,Open Babel,complex,True,passed,True,8.2124591358006,,,
46,CC(C)OP(=O)(OC(C)C)c1cccc(-c2cccc(P(=O)(OC(C)C)OC(C)C)n2)n1,openbabel,Open Babel,ligand,True,passed,True,3.980038810521364,,,
46,CC(C)OP(=O)(OC(C)C)c1cccc(-c2cccc(P(=O)(OC(C)C)OC(C)C)n2)n1,openbabel,Open Babel,complex,True,passed,True,3.20396919362247,,,
47,O=P(OC1CCCCC1)(OC1CCCCC1)c1cccc(-c2cccc(P(=O)(OC3CCCCC3)OC3CCCCC3)n2)n1,openbabel,Open Babel,ligand,True,passed,True,8.019603343680501,,,
47,O=P(OC1CCCCC1)(OC1CCCCC1)c1cccc(-c2cccc(P(=O)(OC3CCCCC3)OC3CCCCC3)n2)n1,openbabel,Open Babel,complex,True,passed,True,9.614187505096197,,,
48,O=P(C1=CC=CCC=C1)(c1ccccc1)c1ccc2ccc3ccc(P(=O)(C4=CCCC=C4)c4ccccc4)nc3c2n1,openbabel,Open Babel,ligand,True,passed,True,6.137800073251128,,,
48,O=P(C1=CC=CCC=C1)(c1ccccc1)c1ccc2ccc3ccc(P(=O)(C4=CCCC=C4)c4ccccc4)nc3c2n1,openbabel,Open Babel,complex,True,passed,True,2.551262203603983,,,
49,CCCCOP(=O)(OCCCC)c1ccc2ccc3ccc(P(=O)(OCCCC)OCCCC)nc3c2n1,openbabel,Open Babel,ligand,True,passed,True,5.48330638371408,,,
49,CCCCOP(=O)(OCCCC)c1ccc2ccc3ccc(P(=O)(OCCCC)OCCCC)nc3c2n1,openbabel,Open Babel,complex,True,passed,True,8.58024730347097,,,
50,CCCCP(=O)(c1ccccc1)c1ccc2ccc3ccc(P(=O)(CCCC)c4ccccc4)nc3c2n1,openbabel,Open Babel,ligand,True,passed,True,3.46646617539227,,,
50,CCCCP(=O)(c1ccccc1)c1ccc2ccc3ccc(P(=O)(CCCC)c4ccccc4)nc3c2n1,openbabel,Open Babel,complex,True,passed,True,7.3080497570335865,,,
51,CCCCP(=O)(c1ccccc1)c1ccc2ccc3cccnc3c2n1,openbabel,Open Babel,ligand,True,passed,True,0.8674963470548391,,,
51,CCCCP(=O)(c1ccccc1)c1ccc2ccc3cccnc3c2n1,openbabel,Open Babel,complex,True,passed,True,1.2891983538866043,,,
52,CCP(=O)(c1ccccc1)c1ccc2ccc3ccc(P(=O)(CC)c4ccccc4)nc3c2n1,openbabel,Open Babel,ligand,True,passed,True,1.7571603450924158,,,
52,CCP(=O)(c1ccccc1)c1ccc2ccc3ccc(P(=O)(CC)c4ccccc4)nc3c2n1,openbabel,Open Babel,complex,True,passed,True,2.7922698128968477,,,
53,CCOP(=O)(c1ccccc1)c1ccc2ccc3ccc(P(=O)(OCC)c4ccccc4)nc3c2n1,openbabel,Open Babel,ligand,True,passed,True,1.600617391988635,,,
53,CCOP(=O)(c1ccccc1)c1ccc2ccc3ccc(P(=O)(OCC)c4ccccc4)nc3c2n1,openbabel,Open Babel,complex,True,passed,True,2.489479809999466,,,
54,C[C@H](CC(C)(C)C)CP(=S)(S)C[C@H](C)CC(C)(C)C,openbabel,Open Babel,ligand,True,passed,True,0.7748506125062704,,,
54,C[C@H](CC(C)(C)C)CP(=S)(S)C[C@H](C)CC(C)(C)C,openbabel,Open Babel,complex,True,passed,True,0.5723212659358978,,,
55,CCCCCCCCOC(=O)c1ccc2ccc3ccc(C(=O)OCCCCCCCC)nc3c2n1,openbabel,Open Babel,ligand,True,passed,True,2.2127092480659485,,,
55,CCCCCCCCOC(=O)c1ccc2ccc3ccc(C(=O)OCCCCCCCC)nc3c2n1,openbabel,Open Babel,complex,True,passed,True,1.6168758366256952,,,
56,O=C(c1ccccc1)c1ccc2ccc3ccc(C(=O)c4ccccc4)nc3c2n1,openbabel,Open Babel,ligand,True,passed,True,1.7883164286613464,,,
56,O=C(c1ccccc1)c1ccc2ccc3ccc(C(=O)c4ccccc4)nc3c2n1,openbabel,Open Babel,complex,True,passed,True,1.2358534205704927,,,
57,CCCCCCCCCCNC(=O)c1ccc2ccc3ccc(C(=O)NCCCCCCCCCC)nc3c2n1,openbabel,Open Babel,ligand,True,passed,True,1.2248919401317835,,,
57,CCCCCCCCCCNC(=O)c1ccc2ccc3ccc(C(=O)NCCCCCCCCCC)nc3c2n1,openbabel,Open Babel,complex,True,passed,True,0.6154748294502497,,,
58,O=C(C1=Nc2c(ccc3ccc(C(=O)N4CCCC4)nc23)CC1)N1CCCC1,openbabel,Open Babel,ligand,True,passed,True,1.428319413214922,,,
58,O=C(C1=Nc2c(ccc3ccc(C(=O)N4CCCC4)nc23)CC1)N1CCCC1,openbabel,Open Babel,complex,True,passed,True,1.3186256624758244,,,
59,CCCCn1cc[n+](CCNC(=O)c2ccc3ccc4ccc(C(=O)NCC[n+]5ccn(CCCC)c5)nc4c3n2)c1.N,openbabel,Open Babel,ligand,True,passed,True,0.9840451832860708,,,
59,CCCCn1cc[n+](CCNC(=O)c2ccc3ccc4ccc(C(=O)NCC[n+]5ccn(CCCC)c5)nc4c3n2)c1.N,openbabel,Open Babel,complex,True,passed,True,1.79564712010324,,,
60,CCCCn1cc[n+](CCNC(=O)c2ccc3ccc4ccc(C(=O)NCC[n+]5ccn(CCCC)c5C)nc4c3n2)c1C.N,openbabel,Open Babel,ligand,True,passed,True,0.822379395365715,,,
60,CCCCn1cc[n+](CCNC(=O)c2ccc3ccc4ccc(C(=O)NCC[n+]5ccn(CCCC)c5C)nc4c3n2)c1C.N,openbabel,Open Babel,complex,True,passed,True,4.868234818801284,,,
61,CCCCn1cc[n+](CCNC(=O)c2ccc3ccc4c(c3n2)NC(C(=O)NCC[n+]2ccn(CCCC)c2C)C=C4)c1C,openbabel,Open Babel,ligand,True,passed,True,1.5984746608883142,,,
61,CCCCn1cc[n+](CCNC(=O)c2ccc3ccc4c(c3n2)NC(C(=O)NCC[n+]2ccn(CCCC)c2C)C=C4)c1C,openbabel,Open Babel,complex,True,failed_quality,False,11.325523780658841,bond_length_ratio;bond_length_ratio;short_bond;bond_length_ratio,,
62,O=C1c2cc(Cl)c3ccc4c(Cl)cc(nc4c3n2)C(=O)N2CCN(CC2)C(=O)c2cc(Cl)c3ccc4c(Cl)cc(nc4c3n2)C(=O)N2CCN1CC2,openbabel,Open Babel,ligand,True,passed,True,1.494971588253975,,,
62,O=C1c2cc(Cl)c3ccc4c(Cl)cc(nc4c3n2)C(=O)N2CCN(CC2)C(=O)c2cc(Cl)c3ccc4c(Cl)cc(nc4c3n2)C(=O)N2CCN1CC2,openbabel,Open Babel,complex,True,failed_execution,False,,,_CaseFailure,Open Babel OBBuilder produced non-finite coordinates
63,O=C(NC(CO)(CO)CO)C1=NC2C(=CC1)C=Cc1ccc(C(=O)NC(CO)(CO)CO)nc12,openbabel,Open Babel,ligand,True,passed,True,0.9653548412024975,,,
63,O=C(NC(CO)(CO)CO)C1=NC2C(=CC1)C=Cc1ccc(C(=O)NC(CO)(CO)CO)nc12,openbabel,Open Babel,complex,True,passed,True,2.489603418856859,,,
64,c1cnc2c(c1)ccc1cccnc12,openbabel,Open Babel,ligand,True,passed,True,0.03333863988518715,,,
64,c1cnc2c(c1)ccc1cccnc12,openbabel,Open Babel,complex,True,passed,True,0.057328060269355774,,,
65,c1ccc(-c2ccc3ccc4ccc(-c5ccccn5)nc4c3n2)nc1,openbabel,Open Babel,ligand,True,passed,True,1.2051495239138603,,,
65,c1ccc(-c2ccc3ccc4ccc(-c5ccccn5)nc4c3n2)nc1,openbabel,Open Babel,complex,True,passed,True,0.46224525943398476,,,
66,c1ccc(-c2ccccn2)nc1,openbabel,Open Babel,ligand,True,passed,True,0.13893532566726208,,,
66,c1ccc(-c2ccccn2)nc1,openbabel,Open Babel,complex,True,passed,True,0.058118099346756935,,,
67,Cc1ccc2ccc3ccc(C)nc3c2n1,openbabel,Open Babel,ligand,True,passed,True,0.09667279198765755,,,
67,Cc1ccc2ccc3ccc(C)nc3c2n1,openbabel,Open Babel,complex,True,passed,True,0.12503408454358578,,,
68,c1ccc(CN2CC3CC(C2)CN(Cc2ccccn2)C3)nc1,openbabel,Open Babel,ligand,True,failed_quality,False,0.710232911631465,bond_length_ratio;bond_ring_piercing,,
68,c1ccc(CN2CC3CC(C2)CN(Cc2ccccn2)C3)nc1,openbabel,Open Babel,complex,True,passed,True,3.4367903526872396,,,
69,c1ccc2c(CNCCN3CCNCc4ccc5ccc6ccc(nc6c5n4)CNCC3)c3ccccc3cc2c1,openbabel,Open Babel,ligand,True,passed,True,5.163392037153244,,,
69,c1ccc2c(CNCCN3CCNCc4ccc5ccc6ccc(nc6c5n4)CNCC3)c3ccccc3cc2c1,openbabel,Open Babel,complex,True,failed_quality,False,5.2729277070611715,atom_overlap;atom_overlap;atom_too_close;atom_too_close;short_bond;bond_length_ratio;short_bond;bond_length_ratio,,
70,c1ccc2c(CNCCN3CCNCc4ccc5ccc6ccc(nc6c5n4)CNCCN(CCNCc4cccc5ccccc45)CCNCc4ccc5ccc6ccc(nc6c5n4)CNCC3)cccc2c1,openbabel,Open Babel,ligand,True,passed,True,10.595823012292385,,,
70,c1ccc2c(CNCCN3CCNCc4ccc5ccc6ccc(nc6c5n4)CNCCN(CCNCc4cccc5ccccc45)CCNCc4ccc5ccc6ccc(nc6c5n4)CNCC3)cccc2c1,openbabel,Open Babel,complex,True,failed_quality,False,7.438003472983837,atom_overlap;atom_overlap;atom_overlap;atom_too_close;bond_length_ratio;bond_length_ratio,,
71,CCNCCNCc1ccc2ccc3ccc(CNCCNCC)nc3c2n1,openbabel,Open Babel,ligand,True,passed,True,0.9626566730439663,,,
71,CCNCCNCc1ccc2ccc3ccc(CNCCNCC)nc3c2n1,openbabel,Open Babel,complex,True,failed_quality,False,1.63881316781044,atom_too_close;short_bond;bond_length_ratio,,
72,c1ccc(CNCc2ccc3ccc4ccc(CNCc5ccccn5)nc4c3n2)nc1,openbabel,Open Babel,ligand,True,passed,True,1.042135864496231,,,
72,c1ccc(CNCc2ccc3ccc4ccc(CNCc5ccccn5)nc4c3n2)nc1,openbabel,Open Babel,complex,True,failed_quality,False,4.18250991217792,atom_too_close;bond_length_ratio;bond_length_ratio;short_bond;bond_length_ratio,,
73,CCNCc1ccc2ccc3ccc(CNCC)nc3c2n1,openbabel,Open Babel,ligand,True,passed,True,0.24170767329633236,,,
73,CCNCc1ccc2ccc3ccc(CNCC)nc3c2n1,openbabel,Open Babel,complex,True,passed,True,0.6000009868294001,,,
74,c1ccc(NCCNCc2ccc3ccc4ccc(CNCCNc5ccccc5)nc4c3n2)cc1,openbabel,Open Babel,ligand,True,passed,True,1.3042951207607985,,,
74,c1ccc(NCCNCc2ccc3ccc4ccc(CNCCNc5ccccc5)nc4c3n2)cc1,openbabel,Open Babel,complex,True,failed_quality,False,3.630047122016549,atom_too_close;bond_length_ratio;bond_length_ratio;short_bond;bond_length_ratio;bond_length_ratio;bond_length_ratio;short_bond;bond_length_ratio;short_bond;bond_length_ratio;bond_ring_piercing,,
75,CC(C)C(NCc1ccc2ccc3ccc(CNC(C(=O)O)C(C)C)nc3c2n1)C(=O)O,openbabel,Open Babel,ligand,True,passed,True,0.4478099960833788,,,
75,CC(C)C(NCc1ccc2ccc3ccc(CNC(C(=O)O)C(C)C)nc3c2n1)C(=O)O,openbabel,Open Babel,complex,True,failed_quality,False,6.520898113027215,atom_too_close;bond_length_ratio;bond_length_ratio;short_bond;bond_length_ratio,,
76,O=C(O)C(Cc1ccccc1)NCc1ccc2ccc3cccnc3c2n1,openbabel,Open Babel,ligand,True,passed,True,1.007449785247445,,,
76,O=C(O)C(Cc1ccccc1)NCc1ccc2ccc3cccnc3c2n1,openbabel,Open Babel,complex,True,passed,True,1.308908138424158,,,
77,O=C(O)C(Cc1ccc(O)cc1)NCc1ccc2ccc3cccnc3c2n1,openbabel,Open Babel,ligand,True,passed,True,0.796382550150156,,,
77,O=C(O)C(Cc1ccc(O)cc1)NCc1ccc2ccc3cccnc3c2n1,openbabel,Open Babel,complex,True,passed,True,1.1082149501889944,,,
78,c1cnc2c(c1)ccc1cc3ccc4cccnc4c3nc12,openbabel,Open Babel,ligand,True,passed,True,0.20458460599184036,,,
78,c1cnc2c(c1)ccc1cc3ccc4cccnc4c3nc12,openbabel,Open Babel,complex,True,passed,True,0.3984465878456831,,,
79,Cc1ccc2ccc3cccnc3c2n1,openbabel,Open Babel,ligand,True,passed,True,0.08208014070987701,,,
79,Cc1ccc2ccc3cccnc3c2n1,openbabel,Open Babel,complex,True,passed,True,0.09779665246605873,,,
80,Cc1cc2cccnc2c2ncccc12,openbabel,Open Babel,ligand,True,passed,True,0.05438996106386185,,,
80,Cc1cc2cccnc2c2ncccc12,openbabel,Open Babel,complex,True,passed,True,0.07371344417333603,,,
81,CC1(C)C=CN=C(c2ccccn2)C1,openbabel,Open Babel,ligand,True,passed,True,0.31520338356494904,,,
81,CC1(C)C=CN=C(c2ccccn2)C1,openbabel,Open Babel,complex,True,passed,True,0.33347919024527073,,,
82,NCCN(CCN)Cc1ccc2ccc3ccc(CN(CCN)CCN)nc3c2n1,openbabel,Open Babel,ligand,True,passed,True,1.7282210569828749,,,
82,NCCN(CCN)Cc1ccc2ccc3ccc(CN(CCN)CCN)nc3c2n1,openbabel,Open Babel,complex,True,passed,True,2.6380294989794493,,,
83,c1cc2ccc3ccc4nc3c2nc1CNCCNCCNCCNCCNC4,openbabel,Open Babel,ligand,True,passed,True,1.220692403614521,,,
83,c1cc2ccc3ccc4nc3c2nc1CNCCNCCNCCNCCNC4,openbabel,Open Babel,complex,True,passed,True,1.5027789883315563,,,
84,CN1CCN2CCN(CC2)Cc2ccc3ccc4ccc(nc4c3n2)CN2CCN(CC1)CC2,openbabel,Open Babel,ligand,True,failed_quality,False,1.0893359687179327,bond_length_ratio;bond_ring_piercing,,
84,CN1CCN2CCN(CC2)Cc2ccc3ccc4ccc(nc4c3n2)CN2CCN(CC1)CC2,openbabel,Open Babel,complex,True,failed_quality,False,3.76607745885849,atom_overlap;atom_overlap;atom_too_close;atom_too_close,,
85,c1cc2ccc3ccc4nc3c2nc1CNCCNCCNC4,openbabel,Open Babel,ligand,True,passed,True,4.270997928455472,,,
85,c1cc2ccc3ccc4nc3c2nc1CNCCNCCNC4,openbabel,Open Babel,complex,True,passed,True,1.1649541892111301,,,
86,c1cc2ccc3ccc4nc3c2nc1CNCCNCCNCCNC4,openbabel,Open Babel,ligand,True,passed,True,5.196838511154056,,,
86,c1cc2ccc3ccc4nc3c2nc1CNCCNCCNCCNC4,openbabel,Open Babel,complex,True,failed_quality,False,0.897808687761426,bond_length_ratio;short_bond;bond_length_ratio;short_bond;bond_length_ratio;bond_ring_piercing,,
87,NCc1cccc(-c2cccc(CN)n2)n1,openbabel,Open Babel,ligand,True,passed,True,2.514387397095561,,,
87,NCc1cccc(-c2cccc(CN)n2)n1,openbabel,Open Babel,complex,True,passed,True,0.30376996472477913,,,
88,CN(CCN(C)Cc1ccccn1)Cc1ccccn1,openbabel,Open Babel,ligand,True,passed,True,0.3415517583489418,,,
88,CN(CCN(C)Cc1ccccn1)Cc1ccccn1,openbabel,Open Babel,complex,True,passed,True,0.7557498179376125,,,
89,CC(C)(C)c1cc2c(O)c(c1)Cc1cc(C(C)(C)C)cc3c1OCc1ccc4ccc5ccc(nc5c4n1)COc1c(cc(C(C)(C)C)cc1-c1cc(C(C)(C)C)cc(c1O)C2)Cc1cccc(c1O)Cc1cccc(c1O)C3,openbabel,Open Babel,ligand,True,failed_quality,False,6.477338500320911,bond_length_ratio;bond_ring_piercing,,
89,CC(C)(C)c1cc2c(O)c(c1)Cc1cc(C(C)(C)C)cc3c1OCc1ccc4ccc5ccc(nc5c4n1)COc1c(cc(C(C)(C)C)cc1-c1cc(C(C)(C)C)cc(c1O)C2)Cc1cccc(c1O)Cc1cccc(c1O)C3,openbabel,Open Babel,complex,True,failed_quality,False,24.39280246011913,atom_overlap;short_bond;bond_length_ratio;short_bond;bond_length_ratio,,
90,CC1(C)CCC(C)(C)c2nc(-c3cccc(-c4cccc(-c5nnc6c(n5)C(C)(C)CCC6(C)C)n4)n3)nnc21,openbabel,Open Babel,ligand,True,passed,True,0.7668683920055628,,,
90,CC1(C)CCC(C)(C)c2nc(-c3cccc(-c4cccc(-c5nnc6c(n5)C(C)(C)CCC6(C)C)n4)n3)nnc21,openbabel,Open Babel,complex,True,passed,True,2.4908468183130026,,,
91,CCCCCc1nnc(-c2cccc(-c3ccccn3)n2)nc1CCCCC,openbabel,Open Babel,ligand,True,passed,True,1.640318838879466,,,
91,CCCCCc1nnc(-c2cccc(-c3ccccn3)n2)nc1CCCCC,openbabel,Open Babel,complex,True,passed,True,1.2022664844989777,,,
92,CCCCCc1nnc(-c2cccc(-c3cccc(-c4nnc(CCCCC)c(CCCCC)n4)n3)n2)nc1CCCCC,openbabel,Open Babel,ligand,True,passed,True,6.045920489355922,,,
92,CCCCCc1nnc(-c2cccc(-c3cccc(-c4nnc(CCCCC)c(CCCCC)n4)n3)n2)nc1CCCCC,openbabel,Open Babel,complex,True,passed,True,1.368018126115203,,,
93,CCN(CC)C(=O)c1cccc(-c2cccc(-c3cccc(C(=O)N(CC)CC)n3)n2)n1,openbabel,Open Babel,ligand,True,passed,True,0.2662625089287758,,,
93,CCN(CC)C(=O)c1cccc(-c2cccc(-c3cccc(C(=O)N(CC)CC)n3)n2)n1,openbabel,Open Babel,complex,True,passed,True,2.1461037155240774,,,
94,CCN(C(=O)c1cccc(-c2cccc(-c3cccc(C(=O)N(CC)c4ccccc4)n3)n2)n1)c1ccccc1,openbabel,Open Babel,ligand,True,passed,True,1.0767213813960552,,,
94,CCN(C(=O)c1cccc(-c2cccc(-c3cccc(C(=O)N(CC)c4ccccc4)n3)n2)n1)c1ccccc1,openbabel,Open Babel,complex,True,passed,True,1.919184099882841,,,
95,c1cc(-c2nccnn2)nc(-c2nccnn2)c1,openbabel,Open Babel,ligand,True,passed,True,0.1739142071455717,,,
95,c1cc(-c2nccnn2)nc(-c2nccnn2)c1,openbabel,Open Babel,complex,True,passed,True,0.1960924118757248,,,
96,Nc1cc(-c2nccnn2)nc(-c2nccnn2)c1,openbabel,Open Babel,ligand,True,passed,True,0.1924895104020834,,,
96,Nc1cc(-c2nccnn2)nc(-c2nccnn2)c1,openbabel,Open Babel,complex,True,passed,True,0.23462730832397938,,,
97,c1ccc(-c2ccnc(-c3ccccn3)n2)nc1,openbabel,Open Babel,ligand,True,passed,True,0.3136158250272274,,,
97,c1ccc(-c2ccnc(-c3ccccn3)n2)nc1,openbabel,Open Babel,complex,True,passed,True,0.46805750392377377,,,
98,c1cc(-c2nc3ccccc3[nH]2)nc(-c2nc3ccccc3[nH]2)c1,openbabel,Open Babel,ligand,True,passed,True,0.8634731881320477,,,
98,c1cc(-c2nc3ccccc3[nH]2)nc(-c2nc3ccccc3[nH]2)c1,openbabel,Open Babel,complex,True,passed,True,0.9640336725860834,,,
99,Cc1nnc(-c2cccc(-c3nnc(C)c(C)n3)n2)nc1C,openbabel,Open Babel,ligand,True,passed,True,0.800833635032177,,,
99,Cc1nnc(-c2cccc(-c3nnc(C)c(C)n3)n2)nc1C,openbabel,Open Babel,complex,True,passed,True,0.7303110584616661,,,
100,c1ccc2nc(-c3ccc4ccc5ccc(-c6ncc7ccccc7n6)nc5c4n3)ncc2c1,openbabel,Open Babel,ligand,True,passed,True,1.0304699447005987,,,
100,c1ccc2nc(-c3ccc4ccc5ccc(-c6ncc7ccccc7n6)nc5c4n3)ncc2c1,openbabel,Open Babel,complex,True,passed,True,6.513266459107399,,,
101,CCCc1nnc(-c2cccc(-c3nnc(CCC)nn3)n2)nn1,openbabel,Open Babel,ligand,True,passed,True,0.4522052127867937,,,
101,CCCc1nnc(-c2cccc(-c3nnc(CCC)nn3)n2)nn1,openbabel,Open Babel,complex,True,passed,True,1.2603827733546495,,,
102,CCc1ccc(-c2cccc(-c3ccc(CC)nn3)n2)nn1,openbabel,Open Babel,ligand,True,passed,True,0.785228019580245,,,
102,CCc1ccc(-c2cccc(-c3ccc(CC)nn3)n2)nn1,openbabel,Open Babel,complex,True,passed,True,0.7290574815124273,,,
103,Clc1cc2cccnc2c2ncccc12,openbabel,Open Babel,ligand,True,passed,True,0.056228697299957275,,,
103,Clc1cc2cccnc2c2ncccc12,openbabel,Open Babel,complex,True,passed,True,0.05635206028819084,,,
104,Cc1c(C)c2cccnc2c2ncccc12,openbabel,Open Babel,ligand,True,passed,True,0.06833877041935921,,,
104,Cc1c(C)c2cccnc2c2ncccc12,openbabel,Open Babel,complex,True,passed,True,0.07539813593029976,,,
105,Clc1ccc2ccc3cccnc3c2n1,openbabel,Open Babel,ligand,True,passed,True,0.055646464228630066,,,
105,Clc1ccc2ccc3cccnc3c2n1,openbabel,Open Babel,complex,True,passed,True,0.03256610594689846,,,
106,CCc1nnc(-c2cccc(-c3nnc(CC)c(CC)n3)n2)nc1CC,openbabel,Open Babel,ligand,True,passed,True,1.4119151756167412,,,
106,CCc1nnc(-c2cccc(-c3nnc(CC)c(CC)n3)n2)nc1CC,openbabel,Open Babel,complex,True,passed,True,1.7743495292961597,,,
107,Nc1nc(-c2ccccn2)nc(-c2ccccn2)n1,openbabel,Open Babel,ligand,True,passed,True,0.31341587379574776,,,
107,Nc1nc(-c2ccccn2)nc(-c2ccccn2)n1,openbabel,Open Babel,complex,True,passed,True,0.30088272877037525,,,
108,O=S(=O)(O)c1ccccc1-c1nnc(-c2cccc(-c3nnc(-c4ccccc4S(=O)(=O)O)c(-c4ccccc4S(=O)(=O)O)n3)n2)nc1-c1ccccc1S(=O)(=O)O,openbabel,Open Babel,ligand,True,passed,True,1.6036540940403938,,,
108,O=S(=O)(O)c1ccccc1-c1nnc(-c2cccc(-c3nnc(-c4ccccc4S(=O)(=O)O)c(-c4ccccc4S(=O)(=O)O)n3)n2)nc1-c1ccccc1S(=O)(=O)O,openbabel,Open Babel,complex,True,passed,True,2.5410645436495543,,,
109,c1ccc2nc(-c3ccc4ccccc4n3)ccc2c1,openbabel,Open Babel,ligand,True,passed,True,0.529764961451292,,,
109,c1ccc2nc(-c3ccc4ccccc4n3)ccc2c1,openbabel,Open Babel,complex,True,passed,True,0.3120812922716141,,,
110,c1ccc(-c2ccc3ccc4cccnc4c3n2)nc1,openbabel,Open Babel,ligand,True,passed,True,0.6079286634922028,,,
110,c1ccc(-c2ccc3ccc4cccnc4c3n2)nc1,openbabel,Open Babel,complex,True,passed,True,0.4084939118474722,,,
111,c1ccc(-c2cccc(-c3cccc(-c4ccccn4)n3)n2)nc1,openbabel,Open Babel,ligand,True,passed,True,1.8198637962341309,,,
111,c1ccc(-c2cccc(-c3cccc(-c4ccccn4)n3)n2)nc1,openbabel,Open Babel,complex,True,passed,True,0.4346569776535034,,,
112,CC(C)(C)c1ccnc(-c2cc(C(C)(C)C)cc(-c3cc(C(C)(C)C)ccn3)n2)c1,openbabel,Open Babel,ligand,True,passed,True,2.664201246574521,,,
112,CC(C)(C)c1ccnc(-c2cc(C(C)(C)C)cc(-c3cc(C(C)(C)C)ccn3)n2)c1,openbabel,Open Babel,complex,True,passed,True,3.1582841835916042,,,
113,Cn1c(-c2cccc(-c3nc4ccccc4n3C)n2)nc2ccccc21,openbabel,Open Babel,ligand,True,passed,True,0.8703172858804464,,,
113,Cn1c(-c2cccc(-c3nc4ccccc4n3C)n2)nc2ccccc21,openbabel,Open Babel,complex,True,passed,True,1.1614253614097834,,,
114,CCC(C)Cn1c(-c2cccc(-c3nc4ccccc4n3CC(C)CC)n2)nc2ccccc21,openbabel,Open Babel,ligand,True,passed,True,3.513047220185399,,,
114,CCC(C)Cn1c(-c2cccc(-c3nc4ccccc4n3CC(C)CC)n2)nc2ccccc21,openbabel,Open Babel,complex,True,passed,True,6.149166846647859,,,
115,CCC(C)COC(=O)c1cc(-c2nc3ccccc3n2C)nc(-c2nc3ccccc3n2C)c1,openbabel,Open Babel,ligand,True,passed,True,0.724537743255496,,,
115,CCC(C)COC(=O)c1cc(-c2nc3ccccc3n2C)nc(-c2nc3ccccc3n2C)c1,openbabel,Open Babel,complex,True,passed,True,2.136799769476056,,,
116,CCN(C(=O)c1cc(F)c2ccc3c(F)cc(C(=O)N(CC)c4ccc(C)cc4)nc3c2n1)c1ccc(C)cc1,openbabel,Open Babel,ligand,True,passed,True,1.9834505803883076,,,
116,CCN(C(=O)c1cc(F)c2ccc3c(F)cc(C(=O)N(CC)c4ccc(C)cc4)nc3c2n1)c1ccc(C)cc1,openbabel,Open Babel,complex,True,passed,True,2.5686205830425024,,,
117,CCN(C(=O)c1cc(F)c2ccc3c(=O)cc(C(=O)N(CC)c4ccc(C)cc4)[nH]c3c2n1)c1ccc(C)cc1,openbabel,Open Babel,ligand,True,passed,True,1.2638906557112932,,,
117,CCN(C(=O)c1cc(F)c2ccc3c(=O)cc(C(=O)N(CC)c4ccc(C)cc4)[nH]c3c2n1)c1ccc(C)cc1,openbabel,Open Babel,complex,True,passed,True,0.6976187638938427,,,
118,O=C(c1cccc(-c2cccc(C(=O)N3CCCC3)n2)n1)N1CCCC1,openbabel,Open Babel,ligand,True,passed,True,1.6417189612984657,,,
118,O=C(c1cccc(-c2cccc(C(=O)N3CCCC3)n2)n1)N1CCCC1,openbabel,Open Babel,complex,True,passed,True,2.5185503717511892,,,
119,O=C(c1ccc2ccc3ccc(C(=O)N4CCCC4)nc3c2n1)N1CCCC1,openbabel,Open Babel,ligand,True,passed,True,0.9918316155672073,,,
119,O=C(c1ccc2ccc3ccc(C(=O)N4CCCC4)nc3c2n1)N1CCCC1,openbabel,Open Babel,complex,True,passed,True,1.3740566056221724,,,
120,CN(C)C(=O)c1cccc(-c2cccc(C(=O)N(C)C)n2)n1,openbabel,Open Babel,ligand,True,passed,True,0.780488021671772,,,
120,CN(C)C(=O)c1cccc(-c2cccc(C(=O)N(C)C)n2)n1,openbabel,Open Babel,complex,True,passed,True,0.8467413801699877,,,
121,CN(C)C(=O)c1ccc2ccc3ccc(C(=O)N(C)C)nc3c2n1,openbabel,Open Babel,ligand,True,passed,True,0.44833146780729294,,,
121,CN(C)C(=O)c1ccc2ccc3ccc(C(=O)N(C)C)nc3c2n1,openbabel,Open Babel,complex,True,passed,True,0.4386396873742342,,,
122,O=C(O)CNCCNCC(=O)O,openbabel,Open Babel,ligand,True,passed,True,1.6151889692991972,,,
122,O=C(O)CNCCNCC(=O)O,openbabel,Open Babel,complex,True,passed,True,0.22588063962757587,,,
123,c1cnc2c(c1)ccc1ccc(-c3ccc4ccc5cccnc5c4n3)nc12,openbabel,Open Babel,ligand,True,passed,True,0.8560800999403,,,
123,c1cnc2c(c1)ccc1ccc(-c3ccc4ccc5cccnc5c4n3)nc12,openbabel,Open Babel,complex,True,passed,True,0.5259610284119844,,,
124,c1cnc2c(c1)ccc1cc3c(nc12)-c1nc2c(ccc4cccnc42)cc1CC3,openbabel,Open Babel,ligand,True,failed_quality,False,5.154058646410704,atom_too_close;short_bond;bond_length_ratio;short_bond;bond_length_ratio;bond_length_ratio;bond_length_ratio;short_bond;bond_length_ratio;bond_length_ratio,,
124,c1cnc2c(c1)ccc1cc3c(nc12)-c1nc2c(ccc4cccnc42)cc1CC3,openbabel,Open Babel,complex,True,passed,True,1.783161597326398,,,
125,CCCCCCCCN(C(=O)c1ccc2ccc3cccnc3c2n1)c1ccc(C)cc1,openbabel,Open Babel,ligand,True,passed,True,0.975832998752594,,,
125,CCCCCCCCN(C(=O)c1ccc2ccc3cccnc3c2n1)c1ccc(C)cc1,openbabel,Open Babel,complex,True,passed,True,3.499431626871228,,,
126,CCCCCc1nnc(-c2ccc3ccc4ccc(-c5nnc(CCCCC)c(CCCCC)n5)nc4c3n2)nc1CCCCC,openbabel,Open Babel,ligand,True,passed,True,2.4302813354879618,,,
126,CCCCCc1nnc(-c2ccc3ccc4ccc(-c5nnc(CCCCC)c(CCCCC)n5)nc4c3n2)nc1CCCCC,openbabel,Open Babel,complex,True,passed,True,5.4849514570087194,,,
127,CCCCCc1nnc(-c2ccc3cc(Br)c4ccc(-c5nnc(CCCCC)c(CCCCC)n5)nc4c3n2)nc1CCCCC,openbabel,Open Babel,ligand,True,passed,True,5.4471117220819,,,
127,CCCCCc1nnc(-c2ccc3cc(Br)c4ccc(-c5nnc(CCCCC)c(CCCCC)n5)nc4c3n2)nc1CCCCC,openbabel,Open Babel,complex,True,passed,True,4.800398850813508,,,
128,CCCCCc1nnc(-c2ccc3c(Br)c(Br)c4ccc(-c5nnc(CCCCC)c(CCCCC)n5)nc4c3n2)nc1CCCCC,openbabel,Open Babel,ligand,True,passed,True,3.627266503870487,,,
128,CCCCCc1nnc(-c2ccc3c(Br)c(Br)c4ccc(-c5nnc(CCCCC)c(CCCCC)n5)nc4c3n2)nc1CCCCC,openbabel,Open Babel,complex,True,passed,True,5.003838485106826,,,
129,CCCc1nnc(-c2cc(Cl)cc(-c3nnc(CCC)c(CCC)n3)n2)nc1CCC,openbabel,Open Babel,ligand,True,passed,True,0.6582489795982838,,,
129,CCCc1nnc(-c2cc(Cl)cc(-c3nnc(CCC)c(CCC)n3)n2)nc1CCC,openbabel,Open Babel,complex,True,passed,True,0.3799078445881605,,,
130,Clc1nnc(-c2cccc(-c3nnc(Cl)c(Cl)n3)n2)nc1Cl,openbabel,Open Babel,ligand,True,passed,True,0.26898143254220486,,,
130,Clc1nnc(-c2cccc(-c3nnc(Cl)c(Cl)n3)n2)nc1Cl,openbabel,Open Babel,complex,True,passed,True,0.33042917028069496,,,
131,CC12CCC(c3nnc(-c4cccc(-c5nnc6c(n5)C5(C)CCC6C5(C)C)n4)nc31)C2(C)C,openbabel,Open Babel,ligand,True,passed,True,3.014684122055769,,,
131,CC12CCC(c3nnc(-c4cccc(-c5nnc6c(n5)C5(C)CCC6C5(C)C)n4)nc31)C2(C)C,openbabel,Open Babel,complex,True,passed,True,3.329814536496997,,,
132,CCc1nnc(-c2cccc(-c3cccc(-c4nnc(CC)c(CC)n4)n3)n2)nc1CC,openbabel,Open Babel,ligand,True,passed,True,0.5794833730906248,,,
132,CCc1nnc(-c2cccc(-c3cccc(-c4nnc(CC)c(CC)n4)n3)n2)nc1CC,openbabel,Open Babel,complex,True,passed,True,2.2033322602510452,,,
133,CCCCCCCCN(CCCCCCCC)C(=O)COCC(=O)N(CCCCCCCC)CCCCCCCC,openbabel,Open Babel,ligand,True,passed,True,1.901151118800044,,,
133,CCCCCCCCN(CCCCCCCC)C(=O)COCC(=O)N(CCCCCCCC)CCCCCCCC,openbabel,Open Babel,complex,True,passed,True,2.1324240751564503,,,
134,O=S(=O)([O][Na+])c1cccc(-c2nnc(-c3cccc(-c4nnc(-c5cccc(S(=O)(=O)[O][Na+])c5)c(-c5cccc(S(=O)(=O)[O][Na+])c5)n4)n3)nc2-c2cccc(S(=O)(=O)[O][Na+])c2)c1,openbabel,Open Babel,ligand,True,passed,True,2.2999020367860794,,,
134,O=S(=O)([O][Na+])c1cccc(-c2nnc(-c3cccc(-c4nnc(-c5cccc(S(=O)(=O)[O][Na+])c5)c(-c5cccc(S(=O)(=O)[O][Na+])c5)n4)n3)nc2-c2cccc(S(=O)(=O)[O][Na+])c2)c1,openbabel,Open Babel,complex,False,not_eligible,,,,,
135,CCCCCCCCN(CCCCCCCC)C(=S)c1ccc2ccc3ccc(C(=S)N(CCCCCCCC)CCCCCCCC)nc3c2n1,openbabel,Open Babel,ligand,True,passed,True,1.9754689205437899,,,
135,CCCCCCCCN(CCCCCCCC)C(=S)c1ccc2ccc3ccc(C(=S)N(CCCCCCCC)CCCCCCCC)nc3c2n1,openbabel,Open Babel,complex,True,passed,True,4.312598019838333,,,
136,CCCCCCC(Br)C(=O)O,openbabel,Open Babel,ligand,True,passed,True,0.039219602942466736,,,
136,CCCCCCC(Br)C(=O)O,openbabel,Open Babel,complex,True,passed,True,0.06753760017454624,,,
137,CC(C)CN(CC(C)C)C(=O)c1ccc2ccc3ccc(C(=O)N(CC(C)C)CC(C)C)nc3c2n1,openbabel,Open Babel,ligand,True,passed,True,1.3280234560370445,,,
137,CC(C)CN(CC(C)C)C(=O)c1ccc2ccc3ccc(C(=O)N(CC(C)C)CC(C)C)nc3c2n1,openbabel,Open Babel,complex,True,passed,True,3.9430094808340073,,,
138,O=C(Nc1ccccc1)c1ccc2ccc3ccc(C(=O)Nc4ccccc4)nc3c2n1,openbabel,Open Babel,ligand,True,passed,True,1.1546808648854494,,,
138,O=C(Nc1ccccc1)c1ccc2ccc3ccc(C(=O)Nc4ccccc4)nc3c2n1,openbabel,Open Babel,complex,True,passed,True,1.4372840393334627,,,
139,Nc1ccc(S(=O)(=O)O)cc1,openbabel,Open Babel,ligand,True,passed,True,0.03849187307059765,,,
139,Nc1ccc(S(=O)(=O)O)cc1,openbabel,Open Babel,complex,False,not_eligible,,,,,
140,O=P(OC1CCCCC1)(OC1CCCCC1)c1ccc2ccc3ccc(P(=O)(OC4CCCCC4)OC4CCCCC4)nc3c2n1,openbabel,Open Babel,ligand,True,passed,True,5.098961945623159,,,
140,O=P(OC1CCCCC1)(OC1CCCCC1)c1ccc2ccc3ccc(P(=O)(OC4CCCCC4)OC4CCCCC4)nc3c2n1,openbabel,Open Babel,complex,True,passed,True,5.142322586849332,,,
141,CCCCC(Br)C(=O)O,openbabel,Open Babel,ligand,True,passed,True,0.04384138807654381,,,
141,CCCCC(Br)C(=O)O,openbabel,Open Babel,complex,True,passed,True,0.035926347598433495,,,
142,CCN(C(=O)c1cccc(-c2cccc(C(=O)N(CC)c3ccccc3)n2)n1)c1ccccc1,openbabel,Open Babel,ligand,True,passed,True,1.8388105817139149,,,
142,CCN(C(=O)c1cccc(-c2cccc(C(=O)N(CC)c3ccccc3)n2)n1)c1ccccc1,openbabel,Open Babel,complex,True,passed,True,2.3235189765691757,,,
143,CCN(C(=O)c1cccc(-c2cccc(C(=O)N(CC)c3cccc(F)c3)n2)n1)c1cccc(F)c1,openbabel,Open Babel,ligand,True,passed,True,1.4605481680482626,,,
143,CCN(C(=O)c1cccc(-c2cccc(C(=O)N(CC)c3cccc(F)c3)n2)n1)c1cccc(F)c1,openbabel,Open Babel,complex,True,passed,True,1.9770661816000938,,,
144,CCN(C(=O)c1cccc(-c2cccc(C(=O)N(CC)c3ccc(F)cc3)n2)n1)c1ccc(F)cc1,openbabel,Open Babel,ligand,True,passed,True,1.5424222573637962,,,
144,CCN(C(=O)c1cccc(-c2cccc(C(=O)N(CC)c3ccc(F)cc3)n2)n1)c1ccc(F)cc1,openbabel,Open Babel,complex,True,passed,True,2.5227240063250065,,,
145,CCc1ccc(N(CC)C(=O)c2cccc(-c3cccc(C(=O)N(CC)c4ccc(CC)cc4)n3)n2)cc1,openbabel,Open Babel,ligand,True,passed,True,1.4515887275338173,,,
145,CCc1ccc(N(CC)C(=O)c2cccc(-c3cccc(C(=O)N(CC)c4ccc(CC)cc4)n3)n2)cc1,openbabel,Open Babel,complex,True,passed,True,2.848253134638071,,,
146,CCN(C(=O)c1cccc(-c2cccc(C(=O)N(CC)c3ccc(C(C)C)cc3)n2)n1)c1ccc(C(C)C)cc1,openbabel,Open Babel,ligand,True,passed,True,1.215797372162342,,,
146,CCN(C(=O)c1cccc(-c2cccc(C(=O)N(CC)c3ccc(C(C)C)cc3)n2)n1)c1ccc(C(C)C)cc1,openbabel,Open Babel,complex,True,passed,True,2.3821725454181433,,,
147,CCN(C(=O)c1cccc(-c2cccc(C(=O)N(CC)c3ccc(C)c(C)c3)n2)n1)c1ccc(C)c(C)c1,openbabel,Open Babel,ligand,True,passed,True,0.9006051290780306,,,
147,CCN(C(=O)c1cccc(-c2cccc(C(=O)N(CC)c3ccc(C)c(C)c3)n2)n1)c1ccc(C)c(C)c1,openbabel,Open Babel,complex,True,passed,True,2.3325821049511433,,,
148,CCN(C(=O)c1cccc(-c2cccc(C(=O)N(CC)c3cc(C)ccc3C)n2)n1)c1cc(C)ccc1C,openbabel,Open Babel,ligand,True,passed,True,0.8018506355583668,,,
148,CCN(C(=O)c1cccc(-c2cccc(C(=O)N(CC)c3cc(C)ccc3C)n2)n1)c1cc(C)ccc1C,openbabel,Open Babel,complex,True,passed,True,8.42741235345602,,,
149,CCN(C(=O)c1cccc(-c2cccc(C(=O)N(CC)c3ccccc3F)n2)n1)c1ccccc1F,openbabel,Open Babel,ligand,True,passed,True,0.14379878714680672,,,
149,CCN(C(=O)c1cccc(-c2cccc(C(=O)N(CC)c3ccccc3F)n2)n1)c1ccccc1F,openbabel,Open Babel,complex,True,passed,True,2.324064005166292,,,
150,CCCCNC(=O)c1ccc2ccc3ccc(C(=O)NCCCC)nc3c2n1,openbabel,Open Babel,ligand,True,passed,True,0.6216499488800764,,,
150,CCCCNC(=O)c1ccc2ccc3ccc(C(=O)NCCCC)nc3c2n1,openbabel,Open Babel,complex,True,passed,True,1.1781981457024813,,,
151,CCCCCCNC(=O)c1ccc2ccc3ccc(C(=O)NCCCCCC)nc3c2n1,openbabel,Open Babel,ligand,True,passed,True,1.2076206859201193,,,
151,CCCCCCNC(=O)c1ccc2ccc3ccc(C(=O)NCCCCCC)nc3c2n1,openbabel,Open Babel,complex,True,passed,True,3.6552256625145674,,,
152,CCCCCCCCNC(=O)c1ccc2ccc3ccc(C(=O)NCCCCCCCC)nc3c2n1,openbabel,Open Babel,ligand,True,passed,True,0.5439253989607096,,,
152,CCCCCCCCNC(=O)c1ccc2ccc3ccc(C(=O)NCCCCCCCC)nc3c2n1,openbabel,Open Babel,complex,True,passed,True,2.7161130867898464,,,
153,CCc1cc(-c2ccc3ccc4ccc(C(=O)N(CC)CC)nc4c3n2)n[nH]1,openbabel,Open Babel,ligand,True,passed,True,0.6950256917625666,,,
153,CCc1cc(-c2ccc3ccc4ccc(C(=O)N(CC)CC)nc4c3n2)n[nH]1,openbabel,Open Babel,complex,True,passed,True,0.8720961548388004,,,
154,O=C(c1ccc2ccc3ccc(-c4cc(CCCCCCO)[nH]n4)nc3c2n1)N(CCCCCCO)CCCCCCO,openbabel,Open Babel,ligand,True,passed,True,2.1240206491202116,,,
154,O=C(c1ccc2ccc3ccc(-c4cc(CCCCCCO)[nH]n4)nc3c2n1)N(CCCCCCO)CCCCCCO,openbabel,Open Babel,complex,True,passed,True,1.4240455646067858,,,
155,CC(C)N(C(=O)c1ccc2ccc3ccc(C(=O)N(C(C)C)C(C)C)nc3c2n1)C(C)C,openbabel,Open Babel,ligand,True,passed,True,1.0533325802534819,,,
155,CC(C)N(C(=O)c1ccc2ccc3ccc(C(=O)N(C(C)C)C(C)C)nc3c2n1)C(C)C,openbabel,Open Babel,complex,True,passed,True,1.824945867061615,,,
156,CC1CCCC(C)N1C(=O)c1ccc2ccc3ccc(C(=O)N4C(C)CCCC4C)nc3c2n1,openbabel,Open Babel,ligand,True,passed,True,1.2394109833985567,,,
156,CC1CCCC(C)N1C(=O)c1ccc2ccc3ccc(C(=O)N4C(C)CCCC4C)nc3c2n1,openbabel,Open Babel,complex,True,passed,True,0.9212834928184748,,,
157,O=C(c1ccc2ccc3ccc(C(=O)N4CCOCC4)nc3c2n1)N1CCOCC1,openbabel,Open Babel,ligand,True,passed,True,1.1231182739138603,,,
157,O=C(c1ccc2ccc3ccc(C(=O)N4CCOCC4)nc3c2n1)N1CCOCC1,openbabel,Open Babel,complex,True,failed_quality,False,7.999019484966993,atom_overlap,,
158,O=C(NC1CCCCC1)c1ccc2ccc3ccc(C(=O)NC4CCCCC4)nc3c2n1,openbabel,Open Babel,ligand,True,passed,True,1.1199390478432178,,,
158,O=C(NC1CCCCC1)c1ccc2ccc3ccc(C(=O)NC4CCCCC4)nc3c2n1,openbabel,Open Babel,complex,True,passed,True,1.4113420210778713,,,
159,CCC(CC)CNC(=O)c1ccc2ccc3ccc(C(=O)NCC(CC)CC)nc3c2n1,openbabel,Open Babel,ligand,True,passed,True,0.7143081203103065,,,
159,CCC(CC)CNC(=O)c1ccc2ccc3ccc(C(=O)NCC(CC)CC)nc3c2n1,openbabel,Open Babel,complex,True,passed,True,2.394993795081973,,,
160,CCOC(=O)c1cccc(N(CC)C(=O)c2ccc3ccc4ccc(C(=O)N(CC)c5cccc(C(=O)OCC)c5)nc4c3n2)c1,openbabel,Open Babel,ligand,True,passed,True,2.816210998222232,,,
160,CCOC(=O)c1cccc(N(CC)C(=O)c2ccc3ccc4ccc(C(=O)N(CC)c5cccc(C(=O)OCC)c5)nc4c3n2)c1,openbabel,Open Babel,complex,True,passed,True,6.703347355127335,,,
161,CCCCN(C(=O)c1ccc2ccc3ccc(C(=O)N(CCCC)c4cccc(C(=O)OCC)c4)nc3c2n1)c1cccc(C(=O)OCC)c1,openbabel,Open Babel,ligand,True,passed,True,1.6156549155712128,,,
161,CCCCN(C(=O)c1ccc2ccc3ccc(C(=O)N(CCCC)c4cccc(C(=O)OCC)c4)nc3c2n1)c1cccc(C(=O)OCC)c1,openbabel,Open Babel,complex,True,passed,True,3.168555909767747,,,
162,CCCCCCCCN(C(=O)c1ccc2ccc3ccc(C(=O)N(CCCCCCCC)c4cccc(C(=O)OCC)c4)nc3c2n1)c1cccc(C(=O)OCC)c1,openbabel,Open Babel,ligand,True,passed,True,1.7687353547662497,,,
162,CCCCCCCCN(C(=O)c1ccc2ccc3ccc(C(=O)N(CCCCCCCC)c4cccc(C(=O)OCC)c4)nc3c2n1)c1cccc(C(=O)OCC)c1,openbabel,Open Babel,complex,True,passed,True,2.6119848527014256,,,
163,CCCN(C(=O)c1ccc2ccc3ccc(C(=O)N(CCC)c4ccc(C)cc4)nc3c2n1)c1ccc(C)cc1,openbabel,Open Babel,ligand,True,passed,True,3.508385756984353,,,
163,CCCN(C(=O)c1ccc2ccc3ccc(C(=O)N(CCC)c4ccc(C)cc4)nc3c2n1)c1ccc(C)cc1,openbabel,Open Babel,complex,True,passed,True,2.0030828081071377,,,
164,CCc1ccc(N(CC)C(=O)c2ccc3ccc4ccc(C(=O)N(CC)c5ccc(CC)cc5)nc4c3n2)cc1,openbabel,Open Babel,ligand,True,passed,True,4.304152360185981,,,
164,CCc1ccc(N(CC)C(=O)c2ccc3ccc4ccc(C(=O)N(CC)c5ccc(CC)cc5)nc4c3n2)cc1,openbabel,Open Babel,complex,True,passed,True,4.29633004963398,,,
165,CCCCc1ccc(N(CC)C(=O)c2ccc3ccc4ccc(C(=O)N(CC)c5ccc(CCCC)cc5)nc4c3n2)cc1,openbabel,Open Babel,ligand,True,passed,True,5.150213867425919,,,
165,CCCCc1ccc(N(CC)C(=O)c2ccc3ccc4ccc(C(=O)N(CC)c5ccc(CCCC)cc5)nc4c3n2)cc1,openbabel,Open Babel,complex,True,passed,True,3.9716567415744066,,,
166,CCCCCCc1ccc(N(CC)C(=O)c2ccc3ccc4ccc(C(=O)N(CC)c5ccc(CCCCCC)cc5)nc4c3n2)cc1,openbabel,Open Babel,ligand,True,passed,True,3.122457252815366,,,
166,CCCCCCc1ccc(N(CC)C(=O)c2ccc3ccc4ccc(C(=O)N(CC)c5ccc(CCCCCC)cc5)nc4c3n2)cc1,openbabel,Open Babel,complex,True,passed,True,2.8999606333673,,,
167,CCN(C(=O)c1ccc2ccc3ccc(C(=O)N(CC)c4ccc(C(C)(C)C)cc4)nc3c2n1)c1ccc(C(C)(C)C)cc1,openbabel,Open Babel,ligand,True,passed,True,1.3946647476404905,,,
167,CCN(C(=O)c1ccc2ccc3ccc(C(=O)N(CC)c4ccc(C(C)(C)C)cc4)nc3c2n1)c1ccc(C(C)(C)C)cc1,openbabel,Open Babel,complex,True,passed,True,2.8026267513632774,,,
168,CCN(C(=O)c1ccc2ccc3ccc(C(=O)N(CC)c4ccc(C5CCCCC5)cc4)nc3c2n1)c1ccc(C2CCCCC2)cc1,openbabel,Open Babel,ligand,True,passed,True,1.5635526310652494,,,
168,CCN(C(=O)c1ccc2ccc3ccc(C(=O)N(CC)c4ccc(C5CCCCC5)cc4)nc3c2n1)c1ccc(C2CCCCC2)cc1,openbabel,Open Babel,complex,True,passed,True,1.6685320511460304,,,
169,CCN(C(=O)c1ccc2ccc3ccc(C(=O)N(CC)c4ccc5c(c4)CCCC5)nc3c2n1)c1ccc2c(c1)CCCC2,openbabel,Open Babel,ligand,True,passed,True,1.0758132617920637,,,
169,CCN(C(=O)c1ccc2ccc3ccc(C(=O)N(CC)c4ccc5c(c4)CCCC5)nc3c2n1)c1ccc2c(c1)CCCC2,openbabel,Open Babel,complex,True,passed,True,4.336439613252878,,,
170,CCCN(C(=O)c1cc(Cl)c2ccc3c(Cl)cc(C(=O)N(CCC)c4ccc(C)cc4)nc3c2n1)c1ccc(C)cc1,openbabel,Open Babel,ligand,True,passed,True,1.0640401653945446,,,
170,CCCN(C(=O)c1cc(Cl)c2ccc3c(Cl)cc(C(=O)N(CCC)c4ccc(C)cc4)nc3c2n1)c1ccc(C)cc1,openbabel,Open Babel,complex,True,passed,True,2.115818290039897,,,
171,CCN(C(=O)c1cc(Cl)c2ccc3c(Cl)cc(C(=O)N(CC)c4ccc(C)cc4)nc3c2n1)c1ccc(C)cc1,openbabel,Open Babel,ligand,True,passed,True,2.893926216289401,,,
171,CCN(C(=O)c1cc(Cl)c2ccc3c(Cl)cc(C(=O)N(CC)c4ccc(C)cc4)nc3c2n1)c1ccc(C)cc1,openbabel,Open Babel,complex,True,passed,True,2.7589256651699543,,,
172,CCc1ccc(N(CC)C(=O)c2cc(Cl)c3ccc4c(Cl)cc(C(=O)N(CC)c5ccc(CC)cc5)nc4c3n2)cc1,openbabel,Open Babel,ligand,True,passed,True,5.679429115727544,,,
172,CCc1ccc(N(CC)C(=O)c2cc(Cl)c3ccc4c(Cl)cc(C(=O)N(CC)c5ccc(CC)cc5)nc4c3n2)cc1,openbabel,Open Babel,complex,True,passed,True,5.655851595103741,,,
173,CCCCc1ccc(N(CC)C(=O)c2cc(Cl)c3ccc4c(Cl)cc(C(=O)N(CC)c5ccc(CCCC)cc5)nc4c3n2)cc1,openbabel,Open Babel,ligand,True,passed,True,8.28500203229487,,,
173,CCCCc1ccc(N(CC)C(=O)c2cc(Cl)c3ccc4c(Cl)cc(C(=O)N(CC)c5ccc(CCCC)cc5)nc4c3n2)cc1,openbabel,Open Babel,complex,True,passed,True,4.92430679872632,,,
174,CCCCCCc1ccc(N(CC)C(=O)c2cc(Cl)c3ccc4c(Cl)cc(C(=O)N(CC)c5ccc(CCCCCC)cc5)nc4c3n2)cc1,openbabel,Open Babel,ligand,True,passed,True,9.824877997860312,,,
174,CCCCCCc1ccc(N(CC)C(=O)c2cc(Cl)c3ccc4c(Cl)cc(C(=O)N(CC)c5ccc(CCCCCC)cc5)nc4c3n2)cc1,openbabel,Open Babel,complex,True,passed,True,6.11925563775003,,,
175,CCN(C(=O)c1cc(Cl)c2ccc3c(Cl)cc(C(=O)N(CC)c4ccc(C(C)(C)C)cc4)nc3c2n1)c1ccc(C(C)(C)C)cc1,openbabel,Open Babel,ligand,True,passed,True,1.7261983267962933,,,
175,CCN(C(=O)c1cc(Cl)c2ccc3c(Cl)cc(C(=O)N(CC)c4ccc(C(C)(C)C)cc4)nc3c2n1)c1ccc(C(C)(C)C)cc1,openbabel,Open Babel,complex,True,passed,True,4.097030555829406,,,
176,CCN(C(=O)c1cc(Cl)c2ccc3c(Cl)cc(C(=O)N(CC)c4ccc(C5CCCCC5)cc4)nc3c2n1)c1ccc(C2CCCCC2)cc1,openbabel,Open Babel,ligand,True,passed,True,0.8596694655716419,,,
176,CCN(C(=O)c1cc(Cl)c2ccc3c(Cl)cc(C(=O)N(CC)c4ccc(C5CCCCC5)cc4)nc3c2n1)c1ccc(C2CCCCC2)cc1,openbabel,Open Babel,complex,True,passed,True,4.074824515730143,,,
177,CCN(C(=O)c1cc(Cl)c2ccc3c(Cl)cc(C(=O)N(CC)c4ccc5c(c4)CCCC5)nc3c2n1)c1ccc2c(c1)CCCC2,openbabel,Open Babel,ligand,True,passed,True,0.9217346478253603,,,
177,CCN(C(=O)c1cc(Cl)c2ccc3c(Cl)cc(C(=O)N(CC)c4ccc5c(c4)CCCC5)nc3c2n1)c1ccc2c(c1)CCCC2,openbabel,Open Babel,complex,True,passed,True,2.111207351088524,,,
178,CCCCCCn1cc(-c2ccc3ccc4ccc(-c5cn(CCCCCC)nn5)nc4c3n2)nn1,openbabel,Open Babel,ligand,True,passed,True,2.0779258273541927,,,
178,CCCCCCn1cc(-c2ccc3ccc4ccc(-c5cn(CCCCCC)nn5)nc4c3n2)nn1,openbabel,Open Babel,complex,True,passed,True,1.4761546216905117,,,
179,c1ccc(Cn2cc(-c3ccc4ccc5ccc(-c6cn(Cc7ccccc7)nn6)nc5c4n3)nn2)cc1,openbabel,Open Babel,ligand,True,passed,True,6.3192100170999765,,,
179,c1ccc(Cn2cc(-c3ccc4ccc5ccc(-c6cn(Cc7ccccc7)nn6)nc5c4n3)nn2)cc1,openbabel,Open Babel,complex,True,passed,True,4.118109479546547,,,
180,CC(C)(C)c1cc(-c2cccc(-c3cc(C(C)(C)C)[nH]n3)n2)n[nH]1,openbabel,Open Babel,ligand,True,passed,True,1.0732972025871277,,,
180,CC(C)(C)c1cc(-c2cccc(-c3cc(C(C)(C)C)[nH]n3)n2)n[nH]1,openbabel,Open Babel,complex,True,passed,True,1.1551044080406427,,,
181,OCCCn1cc(-c2cccc(-c3cn(CCCO)nn3)n2)nn1,openbabel,Open Babel,ligand,True,passed,True,1.0191467572003603,,,
181,OCCCn1cc(-c2cccc(-c3cn(CCCO)nn3)n2)nn1,openbabel,Open Babel,complex,True,passed,True,1.550249570980668,,,
182,CC(C)(C)c1ccccc1,openbabel,Open Babel,ligand,True,passed,True,0.11063076369464397,,,
182,CC(C)(C)c1ccccc1,openbabel,Open Babel,complex,False,not_eligible,,,,,
183,CCCCCCCCCCCCCCC(C(=O)N(C)CCCC)C(=O)N(C)CCCC,openbabel,Open Babel,ligand,True,passed,True,1.0976910628378391,,,
183,CCCCCCCCCCCCCCC(C(=O)N(C)CCCC)C(=O)N(C)CCCC,openbabel,Open Babel,complex,True,passed,True,0.9994938410818577,,,
184,CCCCCCCCN(C)C(=O)C(CCOCCCCCC)C(=O)N(C)CCCCCCCC,openbabel,Open Babel,ligand,True,failed_quality,False,3.0197885036468506,atom_overlap,,
184,CCCCCCCCN(C)C(=O)C(CCOCCCCCC)C(=O)N(C)CCCCCCCC,openbabel,Open Babel,complex,True,failed_quality,False,3.711429188027978,short_bond;bond_length_ratio,,
185,O=S(=O)(c1ccccc1)C(F)(F)F,openbabel,Open Babel,ligand,True,passed,True,0.047325845807790756,,,
185,O=S(=O)(c1ccccc1)C(F)(F)F,openbabel,Open Babel,complex,False,not_eligible,,,,,
186,CCCCCCCCCCCC,openbabel,Open Babel,ligand,True,passed,True,0.14214880019426346,,,
186,CCCCCCCCCCCC,openbabel,Open Babel,complex,False,not_eligible,,,,,
187,O=[N+]([O-])c1cccc(C(F)(F)F)c1,openbabel,Open Babel,ligand,True,passed,True,0.03070477582514286,,,
187,O=[N+]([O-])c1cccc(C(F)(F)F)c1,openbabel,Open Babel,complex,False,not_eligible,,,,,
1,O=C(O)c1ccc2ccc3ccc(C(=O)O)nc3c2n1,obwrappers,Hotpot obWrappers,ligand,True,passed,True,0.34938894025981426,,,
1,O=C(O)c1ccc2ccc3ccc(C(=O)O)nc3c2n1,obwrappers,Hotpot obWrappers,complex,True,passed,True,0.2244599089026451,,,
2,OCc1ccc2ccc3ccc(CO)nc3c2n1,obwrappers,Hotpot obWrappers,ligand,True,passed,True,0.26520843245089054,,,
2,OCc1ccc2ccc3ccc(CO)nc3c2n1,obwrappers,Hotpot obWrappers,complex,True,passed,True,0.43910601921379566,,,
3,CCN(CC)C(=O)c1ccc2ccc3cccnc3c2n1,obwrappers,Hotpot obWrappers,ligand,True,passed,True,1.6284987144172192,,,
3,CCN(CC)C(=O)c1ccc2ccc3cccnc3c2n1,obwrappers,Hotpot obWrappers,complex,True,passed,True,3.3795144502073526,,,
4,CCCCN(CCCC)C(=O)c1ccc2ccc3cccnc3c2n1,obwrappers,Hotpot obWrappers,ligand,True,passed,True,2.756486000493169,,,
4,CCCCN(CCCC)C(=O)c1ccc2ccc3cccnc3c2n1,obwrappers,Hotpot obWrappers,complex,True,passed,True,4.836695609614253,,,
5,CCCCCCN(CCCCCC)C(=O)c1ccc2ccc3cccnc3c2n1,obwrappers,Hotpot obWrappers,ligand,True,passed,True,4.243320558220148,,,
5,CCCCCCN(CCCCCC)C(=O)c1ccc2ccc3cccnc3c2n1,obwrappers,Hotpot obWrappers,complex,True,passed,True,6.0026637483388186,,,
6,CN(C(=O)c1ccc2ccc3cccnc3c2n1)c1ccccc1,obwrappers,Hotpot obWrappers,ligand,True,passed,True,1.206654455512762,,,
6,CN(C(=O)c1ccc2ccc3cccnc3c2n1)c1ccccc1,obwrappers,Hotpot obWrappers,complex,True,passed,True,1.5416508577764034,,,
7,CCN(C(=O)c1ccc2ccc3cccnc3c2n1)c1ccc(C)cc1,obwrappers,Hotpot obWrappers,ligand,True,passed,True,1.7513853255659342,,,
7,CCN(C(=O)c1ccc2ccc3cccnc3c2n1)c1ccc(C)cc1,obwrappers,Hotpot obWrappers,complex,True,passed,True,2.6183943692594767,,,
8,NC(=O)c1ccc2ccc3ccc(C(N)=O)nc3c2n1,obwrappers,Hotpot obWrappers,ligand,True,passed,True,0.4105967227369547,,,
8,NC(=O)c1ccc2ccc3ccc(C(N)=O)nc3c2n1,obwrappers,Hotpot obWrappers,complex,True,passed,True,0.21681763604283333,,,
9,CCCCNC(=O)c1ccc2ccc3ccc(C(=O)NCCC)nc3c2n1,obwrappers,Hotpot obWrappers,ligand,True,passed,True,1.5818886552006006,,,
9,CCCCNC(=O)c1ccc2ccc3ccc(C(=O)NCCC)nc3c2n1,obwrappers,Hotpot obWrappers,complex,True,passed,True,2.6020450331270695,,,
10,CCCCCCCCCCCCN(CCCCCCCCCCCC)C(=O)c1ccc2ccc3ccc(C(=O)N(CCCCCCCCCCCC)CCCCCCCCCCCC)nc3c2n1,obwrappers,Hotpot obWrappers,ligand,True,passed,True,14.889177015051246,,,
10,CCCCCCCCCCCCN(CCCCCCCCCCCC)C(=O)c1ccc2ccc3ccc(C(=O)N(CCCCCCCCCCCC)CCCCCCCCCCCC)nc3c2n1,obwrappers,Hotpot obWrappers,complex,True,passed,True,9.496247159317136,,,
11,CCN(C(=O)c1ccc2ccc3ccc(C(=O)N(CC)c4ccc(C)cc4)nc3c2n1)c1ccc(C)cc1,obwrappers,Hotpot obWrappers,ligand,True,passed,True,2.292430993169546,,,
11,CCN(C(=O)c1ccc2ccc3ccc(C(=O)N(CC)c4ccc(C)cc4)nc3c2n1)c1ccc(C)cc1,obwrappers,Hotpot obWrappers,complex,True,passed,True,4.74632003903389,,,
12,CCN(CC)C(=O)c1ccc2ccc3ccc(C(=O)N(CC)CC)nc3c2n1,obwrappers,Hotpot obWrappers,ligand,True,passed,True,1.9868848491460085,,,
12,CCN(CC)C(=O)c1ccc2ccc3ccc(C(=O)N(CC)CC)nc3c2n1,obwrappers,Hotpot obWrappers,complex,True,passed,True,3.1750268042087555,,,
13,CCCCN(CCCC)C(=O)c1ccc2ccc3ccc(C(=O)N(CCCC)CCCC)nc3c2n1,obwrappers,Hotpot obWrappers,ligand,True,passed,True,5.344299050047994,,,
13,CCCCN(CCCC)C(=O)c1ccc2ccc3ccc(C(=O)N(CCCC)CCCC)nc3c2n1,obwrappers,Hotpot obWrappers,complex,True,passed,True,7.953197006136179,,,
14,CCCCCCN(CCCCCC)C(=O)c1ccc2ccc3ccc(C(=O)N(CCCCCC)CCCCCC)nc3c2n1,obwrappers,Hotpot obWrappers,ligand,True,passed,True,7.6432452369481325,,,
14,CCCCCCN(CCCCCC)C(=O)c1ccc2ccc3ccc(C(=O)N(CCCCCC)CCCCCC)nc3c2n1,obwrappers,Hotpot obWrappers,complex,True,passed,True,9.68436373770237,,,
15,CCCCCCCCN(CCCCCCCC)C(=O)c1ccc2ccc3ccc(C(=O)N(CCCCCCCC)CCCCCCCC)nc3c2n1,obwrappers,Hotpot obWrappers,ligand,True,passed,True,9.261633044108748,,,
15,CCCCCCCCN(CCCCCCCC)C(=O)c1ccc2ccc3ccc(C(=O)N(CCCCCCCC)CCCCCCCC)nc3c2n1,obwrappers,Hotpot obWrappers,complex,True,passed,True,13.970176171511412,,,
16,O=C(c1ccc2ccc3ccc(C(=O)N4CCCc5ccccc54)nc3c2n1)N1CCCc2ccccc21,obwrappers,Hotpot obWrappers,ligand,True,passed,True,3.871494024991989,,,
16,O=C(c1ccc2ccc3ccc(C(=O)N4CCCc5ccccc54)nc3c2n1)N1CCCc2ccccc21,obwrappers,Hotpot obWrappers,complex,True,passed,True,6.149135794490576,,,
17,CN(C(=O)c1ccc2ccc3ccc(C(=O)N(C)c4ccccc4)nc3c2n1)c1ccccc1,obwrappers,Hotpot obWrappers,ligand,True,passed,True,2.573588227853179,,,
17,CN(C(=O)c1ccc2ccc3ccc(C(=O)N(C)c4ccccc4)nc3c2n1)c1ccccc1,obwrappers,Hotpot obWrappers,complex,True,passed,True,2.3611616622656584,,,
18,CCN(C(=O)c1ccc2ccc3ccc(C(=O)N(CC)c4ccccc4)nc3c2n1)c1ccccc1,obwrappers,Hotpot obWrappers,ligand,True,passed,True,1.5746619869023561,,,
18,CCN(C(=O)c1ccc2ccc3ccc(C(=O)N(CC)c4ccccc4)nc3c2n1)c1ccccc1,obwrappers,Hotpot obWrappers,complex,True,passed,True,3.6299748569726944,,,
19,CCCCCCCCN(C(=O)c1ccc2ccc3ccc(C(=O)N(CCCCCCCC)c4ccccc4)nc3c2n1)c1ccccc1,obwrappers,Hotpot obWrappers,ligand,True,passed,True,5.987161319702864,,,
19,CCCCCCCCN(C(=O)c1ccc2ccc3ccc(C(=O)N(CCCCCCCC)c4ccccc4)nc3c2n1)c1ccccc1,obwrappers,Hotpot obWrappers,complex,True,passed,True,9.194407921284437,,,
20,CCCCCCn1c(-c2ccccc2)c(-c2ccccc2)c2cc3ccc4cc5c(-c6ccccc6)c(-c6ccccc6)n(CCCCCC)c(=O)c5nc4c3nc2c1=O,obwrappers,Hotpot obWrappers,ligand,True,passed,True,13.402074173092842,,,
20,CCCCCCn1c(-c2ccccc2)c(-c2ccccc2)c2cc3ccc4cc5c(-c6ccccc6)c(-c6ccccc6)n(CCCCCC)c(=O)c5nc4c3nc2c1=O,obwrappers,Hotpot obWrappers,complex,True,passed,True,9.483461149036884,,,
21,O=C(NC(CO)(CO)CO)c1ccc2ccc3ccc(C(=O)NC(CO)(CO)CO)nc3c2n1,obwrappers,Hotpot obWrappers,ligand,True,passed,True,4.645952166989446,,,
21,O=C(NC(CO)(CO)CO)c1ccc2ccc3ccc(C(=O)NC(CO)(CO)CO)nc3c2n1,obwrappers,Hotpot obWrappers,complex,True,failed_quality,False,7.740021400153637,bond_length_ratio,,
22,O=S(=O)(O)c1cccc(-c2nnc(-c3ccc4ccc5ccc(-c6nnc(-c7cccc(S(=O)(=O)O)c7)c(-c7cccc(S(=O)(=O)O)c7)n6)nc5c4n3)nc2-c2cccc(S(=O)(=O)O)c2)c1,obwrappers,Hotpot obWrappers,ligand,True,passed,True,10.39178827777505,,,
22,O=S(=O)(O)c1cccc(-c2nnc(-c3ccc4ccc5ccc(-c6nnc(-c7cccc(S(=O)(=O)O)c7)c(-c7cccc(S(=O)(=O)O)c7)n6)nc5c4n3)nc2-c2cccc(S(=O)(=O)O)c2)c1,obwrappers,Hotpot obWrappers,complex,True,failed_quality,False,0.18978236243128777,atom_too_close;atom_too_close;bond_length_ratio;bond_length_ratio;bond_length_ratio;bond_length_ratio;bond_length_ratio;bond_length_ratio;bond_length_ratio;bond_length_ratio;bond_length_ratio;short_bond;bond_length_ratio;bond_length_ratio;bond_length_ratio;bond_length_ratio;bond_length_ratio;short_bond;bond_length_ratio;bond_length_ratio;bond_length_ratio;bond_length_ratio;bond_length_ratio;bond_length_ratio;short_bond;bond_length_ratio;bond_length_ratio;bond_ring_piercing,,
23,O=C(Nc1cccc(S(=O)(=O)O)c1)c1ccc2ccc3ccc(C(=O)Nc4cccc(S(=O)(=O)O)c4)nc3c2n1,obwrappers,Hotpot obWrappers,ligand,True,passed,True,3.2251678593456745,,,
23,O=C(Nc1cccc(S(=O)(=O)O)c1)c1ccc2ccc3ccc(C(=O)Nc4cccc(S(=O)(=O)O)c4)nc3c2n1,obwrappers,Hotpot obWrappers,complex,True,passed,True,3.726327257230878,,,
24,O=C(CNC(CO)(CO)CO)Cn1cc(-c2cccc(-c3cn(CC(=O)CNC(CO)(CO)CO)nn3)n2)nn1,obwrappers,Hotpot obWrappers,ligand,True,passed,True,2.9365846682339907,,,
24,O=C(CNC(CO)(CO)CO)Cn1cc(-c2cccc(-c3cn(CC(=O)CNC(CO)(CO)CO)nn3)n2)nn1,obwrappers,Hotpot obWrappers,complex,True,passed,True,8.159106191247702,,,
25,OCCn1cc(-c2ccc3ccc4ccc(-c5cn(CCO)nn5)nc4c3n2)nn1,obwrappers,Hotpot obWrappers,ligand,True,passed,True,2.088766051456332,,,
25,OCCn1cc(-c2ccc3ccc4ccc(-c5cn(CCO)nn5)nc4c3n2)nn1,obwrappers,Hotpot obWrappers,complex,True,passed,True,1.3496653269976377,,,
26,c1cc(-c2nnn[nH]2)nc(-c2nnn[nH]2)c1,obwrappers,Hotpot obWrappers,ligand,True,passed,True,0.20350627228617668,,,
26,c1cc(-c2nnn[nH]2)nc(-c2nnn[nH]2)c1,obwrappers,Hotpot obWrappers,complex,True,passed,True,0.23193638026714325,,,
27,CC1CCC(n2nnnc2-c2cccc(-c3nnnn3C3CCC(C)CC3)n2)CC1,obwrappers,Hotpot obWrappers,ligand,True,passed,True,4.701884742826223,,,
27,CC1CCC(n2nnnc2-c2cccc(-c3nnnn3C3CCC(C)CC3)n2)CC1,obwrappers,Hotpot obWrappers,complex,True,passed,True,3.671083480119705,,,
28,OCCCn1nnnc1-c1cccc(-c2nnnn2CCCO)n1,obwrappers,Hotpot obWrappers,ligand,True,passed,True,1.8392580188810825,,,
28,OCCCn1nnnc1-c1cccc(-c2nnnn2CCCO)n1,obwrappers,Hotpot obWrappers,complex,True,passed,True,3.785104587674141,,,
29,c1ccc(-c2cccc(-c3nnn[nH]3)n2)nc1,obwrappers,Hotpot obWrappers,ligand,True,passed,True,0.47738686576485634,,,
29,c1ccc(-c2cccc(-c3nnn[nH]3)n2)nc1,obwrappers,Hotpot obWrappers,complex,True,passed,True,0.3011918254196644,,,
30,c1ccc(-c2cccc(-c3ccccn3)n2)nc1,obwrappers,Hotpot obWrappers,ligand,True,passed,True,0.6797864660620689,,,
30,c1ccc(-c2cccc(-c3ccccn3)n2)nc1,obwrappers,Hotpot obWrappers,complex,True,passed,True,0.7052238918840885,,,
31,c1ccc(-c2nc(-c3ccccn3)nc(-c3ccccn3)n2)nc1,obwrappers,Hotpot obWrappers,ligand,True,passed,True,0.7251248322427273,,,
31,c1ccc(-c2nc(-c3ccccn3)nc(-c3ccccn3)n2)nc1,obwrappers,Hotpot obWrappers,complex,True,passed,True,1.6652449890971184,,,
32,CCc1nnc(-c2cccc(-c3ccccn3)n2)nc1CC,obwrappers,Hotpot obWrappers,ligand,True,passed,True,1.5410813260823488,,,
32,CCc1nnc(-c2cccc(-c3ccccn3)n2)nc1CC,obwrappers,Hotpot obWrappers,complex,True,passed,True,0.9375379681587219,,,
33,CCCc1nnc(-c2cccc(-c3nnc(CCC)c(CCC)n3)n2)nc1CCC,obwrappers,Hotpot obWrappers,ligand,True,passed,True,4.866742776706815,,,
33,CCCc1nnc(-c2cccc(-c3nnc(CCC)c(CCC)n3)n2)nc1CCC,obwrappers,Hotpot obWrappers,complex,True,passed,True,4.983806356787682,,,
34,CCCCCCn1c(-c2cccc(-c3nc4ccccc4n3CCCCCC)n2)nc2ccccc21,obwrappers,Hotpot obWrappers,ligand,True,passed,True,7.269550360739231,,,
34,CCCCCCn1c(-c2cccc(-c3nc4ccccc4n3CCCCCC)n2)nc2ccccc21,obwrappers,Hotpot obWrappers,complex,True,passed,True,7.969572076573968,,,
35,CC(C)(C)Cc1cc(-c2cccc(-c3cc(CC(C)(C)C)[nH]n3)n2)n[nH]1,obwrappers,Hotpot obWrappers,ligand,True,passed,True,2.44985787011683,,,
35,CC(C)(C)Cc1cc(-c2cccc(-c3cc(CC(C)(C)C)[nH]n3)n2)n[nH]1,obwrappers,Hotpot obWrappers,complex,True,passed,True,4.651793692260981,,,
36,CCCCc1nc(-c2cccc(-c3n[nH]c(CCCC)n3)n2)n[nH]1,obwrappers,Hotpot obWrappers,ligand,True,passed,True,2.7405363507568836,,,
36,CCCCc1nc(-c2cccc(-c3n[nH]c(CCCC)n3)n2)n[nH]1,obwrappers,Hotpot obWrappers,complex,True,passed,True,3.9557152669876814,,,
37,CCCCn1cc(-c2cccc(-c3cn(CCCO)nn3)n2)nn1,obwrappers,Hotpot obWrappers,ligand,True,passed,True,2.26207478903234,,,
37,CCCCn1cc(-c2cccc(-c3cn(CCCO)nn3)n2)nn1,obwrappers,Hotpot obWrappers,complex,True,passed,True,3.6187863405793905,,,
38,CCOP(=O)(OCC)c1ccc2ccc3ccc(P(=O)(OCC)OCC)nc3c2n1,obwrappers,Hotpot obWrappers,ligand,True,passed,True,2.015117948874831,,,
38,CCOP(=O)(OCC)c1ccc2ccc3ccc(P(=O)(OCC)OCC)nc3c2n1,obwrappers,Hotpot obWrappers,complex,True,passed,True,3.5061481073498726,,,
39,O=P(c1ccccc1)(c1ccccc1)c1cccc(P(=O)(c2ccccc2)c2ccccc2)n1,obwrappers,Hotpot obWrappers,ligand,True,passed,True,1.4336658138781786,,,
39,O=P(c1ccccc1)(c1ccccc1)c1cccc(P(=O)(c2ccccc2)c2ccccc2)n1,obwrappers,Hotpot obWrappers,complex,True,passed,True,5.136827690526843,,,
40,O=P(c1ccccc1)(c1ccccc1)c1ccc2ccc3ccc(P(=O)(c4ccccc4)c4ccccc4)nc3c2n1,obwrappers,Hotpot obWrappers,ligand,True,passed,True,7.727691346779466,,,
40,O=P(c1ccccc1)(c1ccccc1)c1ccc2ccc3ccc(P(=O)(c4ccccc4)c4ccccc4)nc3c2n1,obwrappers,Hotpot obWrappers,complex,True,passed,True,3.7883842512965202,,,
41,CCCCCCc1ccc(N(CC)C(=O)c2cccc(-c3cccc(C(=O)N(CC)c4ccc(CCCCCC)cc4)n3)n2)cc1,obwrappers,Hotpot obWrappers,ligand,True,passed,True,7.056138904765248,,,
41,CCCCCCc1ccc(N(CC)C(=O)c2cccc(-c3cccc(C(=O)N(CC)c4ccc(CCCCCC)cc4)n3)n2)cc1,obwrappers,Hotpot obWrappers,complex,True,passed,True,8.233777632936835,,,
42,CC1(C)CCC(C)(C)c2nc(-c3cccc(-c4nnc5c(n4)C(C)(C)CCC5(C)C)n3)nnc21,obwrappers,Hotpot obWrappers,ligand,True,passed,True,6.043835310265422,,,
42,CC1(C)CCC(C)(C)c2nc(-c3cccc(-c4nnc5c(n4)C(C)(C)CCC5(C)C)n3)nnc21,obwrappers,Hotpot obWrappers,complex,True,passed,True,4.176922217011452,,,
43,CC1(C)CCC(C)(C)c2nc(-c3ccc4ccc5ccc(-c6nnc7c(n6)C(C)(C)CCC7(C)C)nc5c4n3)nnc21,obwrappers,Hotpot obWrappers,ligand,True,passed,True,5.674847457557917,,,
43,CC1(C)CCC(C)(C)c2nc(-c3ccc4ccc5ccc(-c6nnc7c(n6)C(C)(C)CCC7(C)C)nc5c4n3)nnc21,obwrappers,Hotpot obWrappers,complex,True,passed,True,8.918964087963104,,,
44,CC(C)OP(=O)(OC(C)C)c1ccc2ccc3ccc(P(=O)(OC(C)C)OC(C)C)nc3c2n1,obwrappers,Hotpot obWrappers,ligand,True,passed,True,3.7498600352555513,,,
44,CC(C)OP(=O)(OC(C)C)c1ccc2ccc3ccc(P(=O)(OC(C)C)OC(C)C)nc3c2n1,obwrappers,Hotpot obWrappers,complex,True,passed,True,4.98512314632535,,,
45,O=P(COC1CCCCC1)(OC1CCCCC1)c1cccc(-c2cccc(P(=O)(OC3CCCCC3)OC3CCCCC3)n2)n1,obwrappers,Hotpot obWrappers,ligand,True,passed,True,6.417477475479245,,,
45,O=P(COC1CCCCC1)(OC1CCCCC1)c1cccc(-c2cccc(P(=O)(OC3CCCCC3)OC3CCCCC3)n2)n1,obwrappers,Hotpot obWrappers,complex,True,passed,True,9.789136096835136,,,
46,CC(C)OP(=O)(OC(C)C)c1cccc(-c2cccc(P(=O)(OC(C)C)OC(C)C)n2)n1,obwrappers,Hotpot obWrappers,ligand,True,passed,True,3.841327330097556,,,
46,CC(C)OP(=O)(OC(C)C)c1cccc(-c2cccc(P(=O)(OC(C)C)OC(C)C)n2)n1,obwrappers,Hotpot obWrappers,complex,True,passed,True,3.417632671073079,,,
47,O=P(OC1CCCCC1)(OC1CCCCC1)c1cccc(-c2cccc(P(=O)(OC3CCCCC3)OC3CCCCC3)n2)n1,obwrappers,Hotpot obWrappers,ligand,True,passed,True,6.0614810809493065,,,
47,O=P(OC1CCCCC1)(OC1CCCCC1)c1cccc(-c2cccc(P(=O)(OC3CCCCC3)OC3CCCCC3)n2)n1,obwrappers,Hotpot obWrappers,complex,True,passed,True,7.190805459395051,,,
48,O=P(C1=CC=CCC=C1)(c1ccccc1)c1ccc2ccc3ccc(P(=O)(C4=CCCC=C4)c4ccccc4)nc3c2n1,obwrappers,Hotpot obWrappers,ligand,True,passed,True,7.452644973993301,,,
48,O=P(C1=CC=CCC=C1)(c1ccccc1)c1ccc2ccc3ccc(P(=O)(C4=CCCC=C4)c4ccccc4)nc3c2n1,obwrappers,Hotpot obWrappers,complex,True,passed,True,4.460155326873064,,,
49,CCCCOP(=O)(OCCCC)c1ccc2ccc3ccc(P(=O)(OCCCC)OCCCC)nc3c2n1,obwrappers,Hotpot obWrappers,ligand,True,passed,True,6.160426951944828,,,
49,CCCCOP(=O)(OCCCC)c1ccc2ccc3ccc(P(=O)(OCCCC)OCCCC)nc3c2n1,obwrappers,Hotpot obWrappers,complex,True,passed,True,7.68619492277503,,,
50,CCCCP(=O)(c1ccccc1)c1ccc2ccc3ccc(P(=O)(CCCC)c4ccccc4)nc3c2n1,obwrappers,Hotpot obWrappers,ligand,True,passed,True,7.16728831641376,,,
50,CCCCP(=O)(c1ccccc1)c1ccc2ccc3ccc(P(=O)(CCCC)c4ccccc4)nc3c2n1,obwrappers,Hotpot obWrappers,complex,True,passed,True,6.5180857963860035,,,
51,CCCCP(=O)(c1ccccc1)c1ccc2ccc3cccnc3c2n1,obwrappers,Hotpot obWrappers,ligand,True,passed,True,1.7946933675557375,,,
51,CCCCP(=O)(c1ccccc1)c1ccc2ccc3cccnc3c2n1,obwrappers,Hotpot obWrappers,complex,True,passed,True,4.857726955786347,,,
52,CCP(=O)(c1ccccc1)c1ccc2ccc3ccc(P(=O)(CC)c4ccccc4)nc3c2n1,obwrappers,Hotpot obWrappers,ligand,True,passed,True,5.59458308853209,,,
52,CCP(=O)(c1ccccc1)c1ccc2ccc3ccc(P(=O)(CC)c4ccccc4)nc3c2n1,obwrappers,Hotpot obWrappers,complex,True,passed,True,3.578803515061736,,,
53,CCOP(=O)(c1ccccc1)c1ccc2ccc3ccc(P(=O)(OCC)c4ccccc4)nc3c2n1,obwrappers,Hotpot obWrappers,ligand,True,passed,True,5.658918906003237,,,
53,CCOP(=O)(c1ccccc1)c1ccc2ccc3ccc(P(=O)(OCC)c4ccccc4)nc3c2n1,obwrappers,Hotpot obWrappers,complex,True,passed,True,5.150197675451636,,,
54,C[C@H](CC(C)(C)C)CP(=S)(S)C[C@H](C)CC(C)(C)C,obwrappers,Hotpot obWrappers,ligand,True,passed,True,2.7694443482905626,,,
54,C[C@H](CC(C)(C)C)CP(=S)(S)C[C@H](C)CC(C)(C)C,obwrappers,Hotpot obWrappers,complex,True,passed,True,1.6552554704248905,,,
55,CCCCCCCCOC(=O)c1ccc2ccc3ccc(C(=O)OCCCCCCCC)nc3c2n1,obwrappers,Hotpot obWrappers,ligand,True,passed,True,5.0652552880346775,,,
55,CCCCCCCCOC(=O)c1ccc2ccc3ccc(C(=O)OCCCCCCCC)nc3c2n1,obwrappers,Hotpot obWrappers,complex,True,passed,True,4.310617500916123,,,
56,O=C(c1ccccc1)c1ccc2ccc3ccc(C(=O)c4ccccc4)nc3c2n1,obwrappers,Hotpot obWrappers,ligand,True,passed,True,3.2198016326874495,,,
56,O=C(c1ccccc1)c1ccc2ccc3ccc(C(=O)c4ccccc4)nc3c2n1,obwrappers,Hotpot obWrappers,complex,True,passed,True,2.2697806768119335,,,
57,CCCCCCCCCCNC(=O)c1ccc2ccc3ccc(C(=O)NCCCCCCCCCC)nc3c2n1,obwrappers,Hotpot obWrappers,ligand,True,passed,True,5.86757917702198,,,
57,CCCCCCCCCCNC(=O)c1ccc2ccc3ccc(C(=O)NCCCCCCCCCC)nc3c2n1,obwrappers,Hotpot obWrappers,complex,True,passed,True,8.276717599481344,,,
58,O=C(C1=Nc2c(ccc3ccc(C(=O)N4CCCC4)nc23)CC1)N1CCCC1,obwrappers,Hotpot obWrappers,ligand,True,passed,True,4.233826741576195,,,
58,O=C(C1=Nc2c(ccc3ccc(C(=O)N4CCCC4)nc23)CC1)N1CCCC1,obwrappers,Hotpot obWrappers,complex,True,passed,True,3.0817513838410378,,,
59,CCCCn1cc[n+](CCNC(=O)c2ccc3ccc4ccc(C(=O)NCC[n+]5ccn(CCCC)c5)nc4c3n2)c1.N,obwrappers,Hotpot obWrappers,ligand,True,passed,True,4.766053810715675,,,
59,CCCCn1cc[n+](CCNC(=O)c2ccc3ccc4ccc(C(=O)NCC[n+]5ccn(CCCC)c5)nc4c3n2)c1.N,obwrappers,Hotpot obWrappers,complex,True,passed,True,8.7448701094836,,,
60,CCCCn1cc[n+](CCNC(=O)c2ccc3ccc4ccc(C(=O)NCC[n+]5ccn(CCCC)c5C)nc4c3n2)c1C.N,obwrappers,Hotpot obWrappers,ligand,True,passed,True,5.845309076830745,,,
60,CCCCn1cc[n+](CCNC(=O)c2ccc3ccc4ccc(C(=O)NCC[n+]5ccn(CCCC)c5C)nc4c3n2)c1C.N,obwrappers,Hotpot obWrappers,complex,True,passed,True,9.447553081437945,,,
61,CCCCn1cc[n+](CCNC(=O)c2ccc3ccc4c(c3n2)NC(C(=O)NCC[n+]2ccn(CCCC)c2C)C=C4)c1C,obwrappers,Hotpot obWrappers,ligand,True,passed,True,6.364159610122442,,,
61,CCCCn1cc[n+](CCNC(=O)c2ccc3ccc4c(c3n2)NC(C(=O)NCC[n+]2ccn(CCCC)c2C)C=C4)c1C,obwrappers,Hotpot obWrappers,complex,True,failed_quality,False,11.32383730262518,short_bond;bond_length_ratio;short_bond;bond_length_ratio,,
62,O=C1c2cc(Cl)c3ccc4c(Cl)cc(nc4c3n2)C(=O)N2CCN(CC2)C(=O)c2cc(Cl)c3ccc4c(Cl)cc(nc4c3n2)C(=O)N2CCN1CC2,obwrappers,Hotpot obWrappers,ligand,True,passed,True,8.928373889997602,,,
62,O=C1c2cc(Cl)c3ccc4c(Cl)cc(nc4c3n2)C(=O)N2CCN(CC2)C(=O)c2cc(Cl)c3ccc4c(Cl)cc(nc4c3n2)C(=O)N2CCN1CC2,obwrappers,Hotpot obWrappers,complex,True,failed_execution,False,,,ValueError,coordinates must be finite
63,O=C(NC(CO)(CO)CO)C1=NC2C(=CC1)C=Cc1ccc(C(=O)NC(CO)(CO)CO)nc12,obwrappers,Hotpot obWrappers,ligand,True,passed,True,4.937573717907071,,,
63,O=C(NC(CO)(CO)CO)C1=NC2C(=CC1)C=Cc1ccc(C(=O)NC(CO)(CO)CO)nc12,obwrappers,Hotpot obWrappers,complex,True,passed,True,3.5557329040020704,,,
64,c1cnc2c(c1)ccc1cccnc12,obwrappers,Hotpot obWrappers,ligand,True,passed,True,0.05376044288277626,,,
64,c1cnc2c(c1)ccc1cccnc12,obwrappers,Hotpot obWrappers,complex,True,passed,True,0.0733227077871561,,,
65,c1ccc(-c2ccc3ccc4ccc(-c5ccccn5)nc4c3n2)nc1,obwrappers,Hotpot obWrappers,ligand,True,passed,True,1.8808180056512356,,,
65,c1ccc(-c2ccc3ccc4ccc(-c5ccccn5)nc4c3n2)nc1,obwrappers,Hotpot obWrappers,complex,True,passed,True,0.7169052734971046,,,
66,c1ccc(-c2ccccn2)nc1,obwrappers,Hotpot obWrappers,ligand,True,passed,True,0.23937122523784637,,,
66,c1ccc(-c2ccccn2)nc1,obwrappers,Hotpot obWrappers,complex,True,passed,True,0.0861883070319891,,,
67,Cc1ccc2ccc3ccc(C)nc3c2n1,obwrappers,Hotpot obWrappers,ligand,True,passed,True,0.2147142719477415,,,
67,Cc1ccc2ccc3ccc(C)nc3c2n1,obwrappers,Hotpot obWrappers,complex,True,passed,True,0.22221999615430832,,,
68,c1ccc(CN2CC3CC(C2)CN(Cc2ccccn2)C3)nc1,obwrappers,Hotpot obWrappers,ligand,True,failed_quality,False,2.532163979485631,bond_length_ratio;bond_ring_piercing,,
68,c1ccc(CN2CC3CC(C2)CN(Cc2ccccn2)C3)nc1,obwrappers,Hotpot obWrappers,complex,True,passed,True,3.868295319378376,,,
69,c1ccc2c(CNCCN3CCNCc4ccc5ccc6ccc(nc6c5n4)CNCC3)c3ccccc3cc2c1,obwrappers,Hotpot obWrappers,ligand,True,passed,True,7.868264460936189,,,
69,c1ccc2c(CNCCN3CCNCc4ccc5ccc6ccc(nc6c5n4)CNCC3)c3ccccc3cc2c1,obwrappers,Hotpot obWrappers,complex,True,failed_quality,False,0.20420370064675808,atom_too_close;atom_too_close;bond_length_ratio;bond_length_ratio;bond_length_ratio;short_bond;bond_length_ratio;short_bond;bond_length_ratio,,
70,c1ccc2c(CNCCN3CCNCc4ccc5ccc6ccc(nc6c5n4)CNCCN(CCNCc4cccc5ccccc45)CCNCc4ccc5ccc6ccc(nc6c5n4)CNCC3)cccc2c1,obwrappers,Hotpot obWrappers,ligand,True,passed,True,16.878509432077408,,,
70,c1ccc2c(CNCCN3CCNCc4ccc5ccc6ccc(nc6c5n4)CNCCN(CCNCc4cccc5ccccc45)CCNCc4ccc5ccc6ccc(nc6c5n4)CNCC3)cccc2c1,obwrappers,Hotpot obWrappers,complex,True,failed_quality,False,22.40444195456803,atom_overlap;bond_length_ratio;bond_ring_piercing,,
71,CCNCCNCc1ccc2ccc3ccc(CNCCNCC)nc3c2n1,obwrappers,Hotpot obWrappers,ligand,True,passed,True,2.0264791287481785,,,
71,CCNCCNCc1ccc2ccc3ccc(CNCCNCC)nc3c2n1,obwrappers,Hotpot obWrappers,complex,True,failed_quality,False,8.065027495846152,atom_too_close;atom_too_close;short_bond;bond_length_ratio,,
72,c1ccc(CNCc2ccc3ccc4ccc(CNCc5ccccn5)nc4c3n2)nc1,obwrappers,Hotpot obWrappers,ligand,True,passed,True,4.551719726994634,,,
72,c1ccc(CNCc2ccc3ccc4ccc(CNCc5ccccn5)nc4c3n2)nc1,obwrappers,Hotpot obWrappers,complex,True,failed_quality,False,0.12874660454690456,atom_too_close;atom_too_close;bond_length_ratio;bond_length_ratio;bond_length_ratio;short_bond;bond_length_ratio;short_bond;bond_length_ratio,,
73,CCNCc1ccc2ccc3ccc(CNCC)nc3c2n1,obwrappers,Hotpot obWrappers,ligand,True,passed,True,0.6810010150074959,,,
73,CCNCc1ccc2ccc3ccc(CNCC)nc3c2n1,obwrappers,Hotpot obWrappers,complex,True,passed,True,4.10074245557189,,,
74,c1ccc(NCCNCc2ccc3ccc4ccc(CNCCNc5ccccc5)nc4c3n2)cc1,obwrappers,Hotpot obWrappers,ligand,True,passed,True,3.960714315995574,,,
74,c1ccc(NCCNCc2ccc3ccc4ccc(CNCCNc5ccccc5)nc4c3n2)cc1,obwrappers,Hotpot obWrappers,complex,True,failed_quality,False,0.16375297121703625,bond_length_ratio;bond_length_ratio;bond_length_ratio;bond_length_ratio;bond_length_ratio;bond_length_ratio;bond_length_ratio;bond_length_ratio;bond_length_ratio;short_bond;bond_length_ratio;bond_length_ratio;short_bond;bond_length_ratio;bond_length_ratio;bond_length_ratio;bond_length_ratio;bond_length_ratio;bond_length_ratio;bond_length_ratio;short_bond;bond_length_ratio;bond_length_ratio;short_bond;bond_length_ratio;bond_length_ratio;bond_length_ratio;bond_length_ratio;bond_length_ratio;bond_length_ratio;bond_length_ratio;bond_length_ratio;bond_length_ratio;short_bond;bond_length_ratio;short_bond;bond_length_ratio;short_bond;bond_length_ratio;short_bond;bond_length_ratio;bond_ring_piercing;bond_ring_piercing,,
75,CC(C)C(NCc1ccc2ccc3ccc(CNC(C(=O)O)C(C)C)nc3c2n1)C(=O)O,obwrappers,Hotpot obWrappers,ligand,True,passed,True,6.033375456929207,,,
75,CC(C)C(NCc1ccc2ccc3ccc(CNC(C(=O)O)C(C)C)nc3c2n1)C(=O)O,obwrappers,Hotpot obWrappers,complex,True,passed,True,8.083733659237623,,,
76,O=C(O)C(Cc1ccccc1)NCc1ccc2ccc3cccnc3c2n1,obwrappers,Hotpot obWrappers,ligand,True,passed,True,1.4604428634047508,,,
76,O=C(O)C(Cc1ccccc1)NCc1ccc2ccc3cccnc3c2n1,obwrappers,Hotpot obWrappers,complex,True,passed,True,2.6967383474111557,,,
77,O=C(O)C(Cc1ccc(O)cc1)NCc1ccc2ccc3cccnc3c2n1,obwrappers,Hotpot obWrappers,ligand,True,passed,True,2.3032956812530756,,,
77,O=C(O)C(Cc1ccc(O)cc1)NCc1ccc2ccc3cccnc3c2n1,obwrappers,Hotpot obWrappers,complex,True,passed,True,2.6917694713920355,,,
78,c1cnc2c(c1)ccc1cc3ccc4cccnc4c3nc12,obwrappers,Hotpot obWrappers,ligand,True,passed,True,0.39725446701049805,,,
78,c1cnc2c(c1)ccc1cc3ccc4cccnc4c3nc12,obwrappers,Hotpot obWrappers,complex,True,passed,True,0.6466796677559614,,,
79,Cc1ccc2ccc3cccnc3c2n1,obwrappers,Hotpot obWrappers,ligand,True,passed,True,0.12002582848072052,,,
79,Cc1ccc2ccc3cccnc3c2n1,obwrappers,Hotpot obWrappers,complex,True,passed,True,0.12603087350726128,,,
80,Cc1cc2cccnc2c2ncccc12,obwrappers,Hotpot obWrappers,ligand,True,passed,True,0.12097450345754623,,,
80,Cc1cc2cccnc2c2ncccc12,obwrappers,Hotpot obWrappers,complex,True,passed,True,0.13508131727576256,,,
81,CC1(C)C=CN=C(c2ccccn2)C1,obwrappers,Hotpot obWrappers,ligand,True,passed,True,0.8101731948554516,,,
81,CC1(C)C=CN=C(c2ccccn2)C1,obwrappers,Hotpot obWrappers,complex,True,passed,True,2.653912825509906,,,
82,NCCN(CCN)Cc1ccc2ccc3ccc(CN(CCN)CCN)nc3c2n1,obwrappers,Hotpot obWrappers,ligand,True,passed,True,6.073357643559575,,,
82,NCCN(CCN)Cc1ccc2ccc3ccc(CN(CCN)CCN)nc3c2n1,obwrappers,Hotpot obWrappers,complex,True,failed_quality,False,9.710151707753539,atom_overlap,,
83,c1cc2ccc3ccc4nc3c2nc1CNCCNCCNCCNCCNC4,obwrappers,Hotpot obWrappers,ligand,True,passed,True,5.602344835177064,,,
83,c1cc2ccc3ccc4nc3c2nc1CNCCNCCNCCNCCNC4,obwrappers,Hotpot obWrappers,complex,True,passed,True,8.925729451701045,,,
84,CN1CCN2CCN(CC2)Cc2ccc3ccc4ccc(nc4c3n2)CN2CCN(CC1)CC2,obwrappers,Hotpot obWrappers,ligand,True,passed,True,3.647945884615183,,,
84,CN1CCN2CCN(CC2)Cc2ccc3ccc4ccc(nc4c3n2)CN2CCN(CC1)CC2,obwrappers,Hotpot obWrappers,complex,True,passed,True,6.035165185108781,,,
85,c1cc2ccc3ccc4nc3c2nc1CNCCNCCNC4,obwrappers,Hotpot obWrappers,ligand,True,passed,True,4.165746359154582,,,
85,c1cc2ccc3ccc4nc3c2nc1CNCCNCCNC4,obwrappers,Hotpot obWrappers,complex,True,passed,True,1.6498634666204453,,,
86,c1cc2ccc3ccc4nc3c2nc1CNCCNCCNCCNC4,obwrappers,Hotpot obWrappers,ligand,True,passed,True,5.0672064907848835,,,
86,c1cc2ccc3ccc4nc3c2nc1CNCCNCCNCCNC4,obwrappers,Hotpot obWrappers,complex,True,failed_quality,False,0.15317856706678867,bond_length_ratio;short_bond;bond_length_ratio;short_bond;bond_length_ratio;short_bond;bond_length_ratio;bond_ring_piercing,,
87,NCc1cccc(-c2cccc(CN)n2)n1,obwrappers,Hotpot obWrappers,ligand,True,passed,True,2.4510427732020617,,,
87,NCc1cccc(-c2cccc(CN)n2)n1,obwrappers,Hotpot obWrappers,complex,True,passed,True,0.39081129245460033,,,
88,CN(CCN(C)Cc1ccccn1)Cc1ccccn1,obwrappers,Hotpot obWrappers,ligand,True,passed,True,3.4034644830971956,,,
88,CN(CCN(C)Cc1ccccn1)Cc1ccccn1,obwrappers,Hotpot obWrappers,complex,True,passed,True,2.8293806444853544,,,
89,CC(C)(C)c1cc2c(O)c(c1)Cc1cc(C(C)(C)C)cc3c1OCc1ccc4ccc5ccc(nc5c4n1)COc1c(cc(C(C)(C)C)cc1-c1cc(C(C)(C)C)cc(c1O)C2)Cc1cccc(c1O)Cc1cccc(c1O)C3,obwrappers,Hotpot obWrappers,ligand,True,passed,True,18.731561494991183,,,
89,CC(C)(C)c1cc2c(O)c(c1)Cc1cc(C(C)(C)C)cc3c1OCc1ccc4ccc5ccc(nc5c4n1)COc1c(cc(C(C)(C)C)cc1-c1cc(C(C)(C)C)cc(c1O)C2)Cc1cccc(c1O)Cc1cccc(c1O)C3,obwrappers,Hotpot obWrappers,complex,True,failed_quality,False,0.4477180726826191,bond_length_ratio;bond_length_ratio;bond_length_ratio;bond_length_ratio;bond_length_ratio;bond_length_ratio;bond_length_ratio;bond_length_ratio;bond_length_ratio;bond_length_ratio;short_bond;bond_length_ratio;short_bond;bond_length_ratio;bond_length_ratio;short_bond;bond_length_ratio;bond_length_ratio;short_bond;bond_length_ratio;bond_length_ratio;bond_length_ratio;bond_length_ratio;short_bond;bond_length_ratio;bond_length_ratio;bond_length_ratio;short_bond;bond_length_ratio;bond_length_ratio;short_bond;bond_length_ratio,,
90,CC1(C)CCC(C)(C)c2nc(-c3cccc(-c4cccc(-c5nnc6c(n5)C(C)(C)CCC6(C)C)n4)n3)nnc21,obwrappers,Hotpot obWrappers,ligand,True,passed,True,7.508338121697307,,,
90,CC1(C)CCC(C)(C)c2nc(-c3cccc(-c4cccc(-c5nnc6c(n5)C(C)(C)CCC6(C)C)n4)n3)nnc21,obwrappers,Hotpot obWrappers,complex,True,passed,True,7.898322490975261,,,
91,CCCCCc1nnc(-c2cccc(-c3ccccn3)n2)nc1CCCCC,obwrappers,Hotpot obWrappers,ligand,True,passed,True,4.037069445475936,,,
91,CCCCCc1nnc(-c2cccc(-c3ccccn3)n2)nc1CCCCC,obwrappers,Hotpot obWrappers,complex,True,passed,True,4.136563695967197,,,
92,CCCCCc1nnc(-c2cccc(-c3cccc(-c4nnc(CCCCC)c(CCCCC)n4)n3)n2)nc1CCCCC,obwrappers,Hotpot obWrappers,ligand,True,passed,True,9.072905730456114,,,
92,CCCCCc1nnc(-c2cccc(-c3cccc(-c4nnc(CCCCC)c(CCCCC)n4)n3)n2)nc1CCCCC,obwrappers,Hotpot obWrappers,complex,True,passed,True,6.693769909441471,,,
93,CCN(CC)C(=O)c1cccc(-c2cccc(-c3cccc(C(=O)N(CC)CC)n3)n2)n1,obwrappers,Hotpot obWrappers,ligand,True,passed,True,5.257924115285277,,,
93,CCN(CC)C(=O)c1cccc(-c2cccc(-c3cccc(C(=O)N(CC)CC)n3)n2)n1,obwrappers,Hotpot obWrappers,complex,True,passed,True,4.093230854719877,,,
94,CCN(C(=O)c1cccc(-c2cccc(-c3cccc(C(=O)N(CC)c4ccccc4)n3)n2)n1)c1ccccc1,obwrappers,Hotpot obWrappers,ligand,True,passed,True,6.4448314644396305,,,
94,CCN(C(=O)c1cccc(-c2cccc(-c3cccc(C(=O)N(CC)c4ccccc4)n3)n2)n1)c1ccccc1,obwrappers,Hotpot obWrappers,complex,True,passed,True,7.213315119966865,,,
95,c1cc(-c2nccnn2)nc(-c2nccnn2)c1,obwrappers,Hotpot obWrappers,ligand,True,passed,True,0.2976351249963045,,,
95,c1cc(-c2nccnn2)nc(-c2nccnn2)c1,obwrappers,Hotpot obWrappers,complex,True,passed,True,0.3247474227100611,,,
96,Nc1cc(-c2nccnn2)nc(-c2nccnn2)c1,obwrappers,Hotpot obWrappers,ligand,True,passed,True,0.3471012432128191,,,
96,Nc1cc(-c2nccnn2)nc(-c2nccnn2)c1,obwrappers,Hotpot obWrappers,complex,True,passed,True,0.36373443715274334,,,
97,c1ccc(-c2ccnc(-c3ccccn3)n2)nc1,obwrappers,Hotpot obWrappers,ligand,True,passed,True,0.6084784157574177,,,
97,c1ccc(-c2ccnc(-c3ccccn3)n2)nc1,obwrappers,Hotpot obWrappers,complex,True,passed,True,0.6757129281759262,,,
98,c1cc(-c2nc3ccccc3[nH]2)nc(-c2nc3ccccc3[nH]2)c1,obwrappers,Hotpot obWrappers,ligand,True,passed,True,1.3677135072648525,,,
98,c1cc(-c2nc3ccccc3[nH]2)nc(-c2nc3ccccc3[nH]2)c1,obwrappers,Hotpot obWrappers,complex,True,passed,True,2.486392457038164,,,
99,Cc1nnc(-c2cccc(-c3nnc(C)c(C)n3)n2)nc1C,obwrappers,Hotpot obWrappers,ligand,True,passed,True,1.159826047718525,,,
99,Cc1nnc(-c2cccc(-c3nnc(C)c(C)n3)n2)nc1C,obwrappers,Hotpot obWrappers,complex,True,passed,True,1.0054230596870184,,,
100,c1ccc2nc(-c3ccc4ccc5ccc(-c6ncc7ccccc7n6)nc5c4n3)ncc2c1,obwrappers,Hotpot obWrappers,ligand,True,passed,True,2.9770343769341707,,,
100,c1ccc2nc(-c3ccc4ccc5ccc(-c6ncc7ccccc7n6)nc5c4n3)ncc2c1,obwrappers,Hotpot obWrappers,complex,True,passed,True,6.383014094084501,,,
101,CCCc1nnc(-c2cccc(-c3nnc(CCC)nn3)n2)nn1,obwrappers,Hotpot obWrappers,ligand,True,passed,True,1.016817970201373,,,
101,CCCc1nnc(-c2cccc(-c3nnc(CCC)nn3)n2)nn1,obwrappers,Hotpot obWrappers,complex,True,passed,True,4.629644492641091,,,
102,CCc1ccc(-c2cccc(-c3ccc(CC)nn3)n2)nn1,obwrappers,Hotpot obWrappers,ligand,True,passed,True,1.3232332654297352,,,
102,CCc1ccc(-c2cccc(-c3ccc(CC)nn3)n2)nn1,obwrappers,Hotpot obWrappers,complex,True,passed,True,1.0930008366703987,,,
103,Clc1cc2cccnc2c2ncccc12,obwrappers,Hotpot obWrappers,ligand,True,passed,True,0.07230649329721928,,,
103,Clc1cc2cccnc2c2ncccc12,obwrappers,Hotpot obWrappers,complex,True,passed,True,0.06845192424952984,,,
104,Cc1c(C)c2cccnc2c2ncccc12,obwrappers,Hotpot obWrappers,ligand,True,passed,True,0.16595343127846718,,,
104,Cc1c(C)c2cccnc2c2ncccc12,obwrappers,Hotpot obWrappers,complex,True,passed,True,0.16324620321393013,,,
105,Clc1ccc2ccc3cccnc3c2n1,obwrappers,Hotpot obWrappers,ligand,True,passed,True,0.07479012198746204,,,
105,Clc1ccc2ccc3cccnc3c2n1,obwrappers,Hotpot obWrappers,complex,True,passed,True,0.07372742891311646,,,
106,CCc1nnc(-c2cccc(-c3nnc(CC)c(CC)n3)n2)nc1CC,obwrappers,Hotpot obWrappers,ligand,True,passed,True,2.646438952535391,,,
106,CCc1nnc(-c2cccc(-c3nnc(CC)c(CC)n3)n2)nc1CC,obwrappers,Hotpot obWrappers,complex,True,passed,True,2.6858802400529385,,,
107,Nc1nc(-c2ccccn2)nc(-c2ccccn2)n1,obwrappers,Hotpot obWrappers,ligand,True,passed,True,0.45732488110661507,,,
107,Nc1nc(-c2ccccn2)nc(-c2ccccn2)n1,obwrappers,Hotpot obWrappers,complex,True,passed,True,0.5055362284183502,,,
108,O=S(=O)(O)c1ccccc1-c1nnc(-c2cccc(-c3nnc(-c4ccccc4S(=O)(=O)O)c(-c4ccccc4S(=O)(=O)O)n3)n2)nc1-c1ccccc1S(=O)(=O)O,obwrappers,Hotpot obWrappers,ligand,True,passed,True,7.757356496527791,,,
108,O=S(=O)(O)c1ccccc1-c1nnc(-c2cccc(-c3nnc(-c4ccccc4S(=O)(=O)O)c(-c4ccccc4S(=O)(=O)O)n3)n2)nc1-c1ccccc1S(=O)(=O)O,obwrappers,Hotpot obWrappers,complex,True,passed,True,7.989101525396109,,,
109,c1ccc2nc(-c3ccc4ccccc4n3)ccc2c1,obwrappers,Hotpot obWrappers,ligand,True,passed,True,0.7833337225019932,,,
109,c1ccc2nc(-c3ccc4ccccc4n3)ccc2c1,obwrappers,Hotpot obWrappers,complex,True,passed,True,0.6390014085918665,,,
110,c1ccc(-c2ccc3ccc4cccnc4c3n2)nc1,obwrappers,Hotpot obWrappers,ligand,True,passed,True,0.8786358218640089,,,
110,c1ccc(-c2ccc3ccc4cccnc4c3n2)nc1,obwrappers,Hotpot obWrappers,complex,True,passed,True,0.5632847733795643,,,
111,c1ccc(-c2cccc(-c3cccc(-c4ccccn4)n3)n2)nc1,obwrappers,Hotpot obWrappers,ligand,True,passed,True,2.4118270874023438,,,
111,c1ccc(-c2cccc(-c3cccc(-c4ccccn4)n3)n2)nc1,obwrappers,Hotpot obWrappers,complex,True,passed,True,0.7851402312517166,,,
112,CC(C)(C)c1ccnc(-c2cc(C(C)(C)C)cc(-c3cc(C(C)(C)C)ccn3)n2)c1,obwrappers,Hotpot obWrappers,ligand,True,passed,True,3.3366693947464228,,,
112,CC(C)(C)c1ccnc(-c2cc(C(C)(C)C)cc(-c3cc(C(C)(C)C)ccn3)n2)c1,obwrappers,Hotpot obWrappers,complex,True,passed,True,4.387847388163209,,,
113,Cn1c(-c2cccc(-c3nc4ccccc4n3C)n2)nc2ccccc21,obwrappers,Hotpot obWrappers,ligand,True,passed,True,2.201859815046191,,,
113,Cn1c(-c2cccc(-c3nc4ccccc4n3C)n2)nc2ccccc21,obwrappers,Hotpot obWrappers,complex,True,passed,True,1.692977523431182,,,
114,CCC(C)Cn1c(-c2cccc(-c3nc4ccccc4n3CC(C)CC)n2)nc2ccccc21,obwrappers,Hotpot obWrappers,ligand,True,passed,True,6.04155214317143,,,
114,CCC(C)Cn1c(-c2cccc(-c3nc4ccccc4n3CC(C)CC)n2)nc2ccccc21,obwrappers,Hotpot obWrappers,complex,True,passed,True,6.511333681643009,,,
115,CCC(C)COC(=O)c1cc(-c2nc3ccccc3n2C)nc(-c2nc3ccccc3n2C)c1,obwrappers,Hotpot obWrappers,ligand,True,passed,True,5.0160742327570915,,,
115,CCC(C)COC(=O)c1cc(-c2nc3ccccc3n2C)nc(-c2nc3ccccc3n2C)c1,obwrappers,Hotpot obWrappers,complex,True,passed,True,2.198250262066722,,,
116,CCN(C(=O)c1cc(F)c2ccc3c(F)cc(C(=O)N(CC)c4ccc(C)cc4)nc3c2n1)c1ccc(C)cc1,obwrappers,Hotpot obWrappers,ligand,True,passed,True,4.353597413748503,,,
116,CCN(C(=O)c1cc(F)c2ccc3c(F)cc(C(=O)N(CC)c4ccc(C)cc4)nc3c2n1)c1ccc(C)cc1,obwrappers,Hotpot obWrappers,complex,True,passed,True,4.514712434262037,,,
117,CCN(C(=O)c1cc(F)c2ccc3c(=O)cc(C(=O)N(CC)c4ccc(C)cc4)[nH]c3c2n1)c1ccc(C)cc1,obwrappers,Hotpot obWrappers,ligand,True,passed,True,4.803943444043398,,,
117,CCN(C(=O)c1cc(F)c2ccc3c(=O)cc(C(=O)N(CC)c4ccc(C)cc4)[nH]c3c2n1)c1ccc(C)cc1,obwrappers,Hotpot obWrappers,complex,True,passed,True,6.634708262979984,,,
118,O=C(c1cccc(-c2cccc(C(=O)N3CCCC3)n2)n1)N1CCCC1,obwrappers,Hotpot obWrappers,ligand,True,passed,True,4.383277682587504,,,
118,O=C(c1cccc(-c2cccc(C(=O)N3CCCC3)n2)n1)N1CCCC1,obwrappers,Hotpot obWrappers,complex,True,passed,True,2.9723013807088137,,,
119,O=C(c1ccc2ccc3ccc(C(=O)N4CCCC4)nc3c2n1)N1CCCC1,obwrappers,Hotpot obWrappers,ligand,True,passed,True,3.0740567445755005,,,
119,O=C(c1ccc2ccc3ccc(C(=O)N4CCCC4)nc3c2n1)N1CCCC1,obwrappers,Hotpot obWrappers,complex,True,passed,True,2.012819964438677,,,
120,CN(C)C(=O)c1cccc(-c2cccc(C(=O)N(C)C)n2)n1,obwrappers,Hotpot obWrappers,ligand,True,passed,True,1.761719947680831,,,
120,CN(C)C(=O)c1cccc(-c2cccc(C(=O)N(C)C)n2)n1,obwrappers,Hotpot obWrappers,complex,True,passed,True,1.1350258849561214,,,
121,CN(C)C(=O)c1ccc2ccc3ccc(C(=O)N(C)C)nc3c2n1,obwrappers,Hotpot obWrappers,ligand,True,passed,True,1.3090737368911505,,,
121,CN(C)C(=O)c1ccc2ccc3ccc(C(=O)N(C)C)nc3c2n1,obwrappers,Hotpot obWrappers,complex,True,passed,True,0.8202161453664303,,,
122,O=C(O)CNCCNCC(=O)O,obwrappers,Hotpot obWrappers,ligand,True,passed,True,1.5514920335263014,,,
122,O=C(O)CNCCNCC(=O)O,obwrappers,Hotpot obWrappers,complex,True,passed,True,2.445759452879429,,,
123,c1cnc2c(c1)ccc1ccc(-c3ccc4ccc5cccnc5c4n3)nc12,obwrappers,Hotpot obWrappers,ligand,True,passed,True,2.418696580454707,,,
123,c1cnc2c(c1)ccc1ccc(-c3ccc4ccc5cccnc5c4n3)nc12,obwrappers,Hotpot obWrappers,complex,True,passed,True,0.7103973049670458,,,
124,c1cnc2c(c1)ccc1cc3c(nc12)-c1nc2c(ccc4cccnc42)cc1CC3,obwrappers,Hotpot obWrappers,ligand,True,failed_quality,False,5.055674960836768,atom_too_close;short_bond;bond_length_ratio;short_bond;bond_length_ratio;bond_length_ratio;bond_length_ratio;short_bond;bond_length_ratio;bond_length_ratio,,
124,c1cnc2c(c1)ccc1cc3c(nc12)-c1nc2c(ccc4cccnc42)cc1CC3,obwrappers,Hotpot obWrappers,complex,True,passed,True,6.032324777916074,,,
125,CCCCCCCCN(C(=O)c1ccc2ccc3cccnc3c2n1)c1ccc(C)cc1,obwrappers,Hotpot obWrappers,ligand,True,passed,True,2.7000004947185516,,,
125,CCCCCCCCN(C(=O)c1ccc2ccc3cccnc3c2n1)c1ccc(C)cc1,obwrappers,Hotpot obWrappers,complex,True,passed,True,5.7924973256886005,,,
126,CCCCCc1nnc(-c2ccc3ccc4ccc(-c5nnc(CCCCC)c(CCCCC)n5)nc4c3n2)nc1CCCCC,obwrappers,Hotpot obWrappers,ligand,True,passed,True,7.105184756219387,,,
126,CCCCCc1nnc(-c2ccc3ccc4ccc(-c5nnc(CCCCC)c(CCCCC)n5)nc4c3n2)nc1CCCCC,obwrappers,Hotpot obWrappers,complex,True,passed,True,9.631124068051577,,,
127,CCCCCc1nnc(-c2ccc3cc(Br)c4ccc(-c5nnc(CCCCC)c(CCCCC)n5)nc4c3n2)nc1CCCCC,obwrappers,Hotpot obWrappers,ligand,True,passed,True,8.382918989285827,,,
127,CCCCCc1nnc(-c2ccc3cc(Br)c4ccc(-c5nnc(CCCCC)c(CCCCC)n5)nc4c3n2)nc1CCCCC,obwrappers,Hotpot obWrappers,complex,True,passed,True,9.671282965689898,,,
128,CCCCCc1nnc(-c2ccc3c(Br)c(Br)c4ccc(-c5nnc(CCCCC)c(CCCCC)n5)nc4c3n2)nc1CCCCC,obwrappers,Hotpot obWrappers,ligand,True,passed,True,8.03750035725534,,,
128,CCCCCc1nnc(-c2ccc3c(Br)c(Br)c4ccc(-c5nnc(CCCCC)c(CCCCC)n5)nc4c3n2)nc1CCCCC,obwrappers,Hotpot obWrappers,complex,True,passed,True,9.73153910599649,,,
129,CCCc1nnc(-c2cc(Cl)cc(-c3nnc(CCC)c(CCC)n3)n2)nc1CCC,obwrappers,Hotpot obWrappers,ligand,True,passed,True,4.593775389716029,,,
129,CCCc1nnc(-c2cc(Cl)cc(-c3nnc(CCC)c(CCC)n3)n2)nc1CCC,obwrappers,Hotpot obWrappers,complex,True,passed,True,4.777409296482801,,,
130,Clc1nnc(-c2cccc(-c3nnc(Cl)c(Cl)n3)n2)nc1Cl,obwrappers,Hotpot obWrappers,ligand,True,passed,True,0.42498419992625713,,,
130,Clc1nnc(-c2cccc(-c3nnc(Cl)c(Cl)n3)n2)nc1Cl,obwrappers,Hotpot obWrappers,complex,True,passed,True,0.44270903058350086,,,
131,CC12CCC(c3nnc(-c4cccc(-c5nnc6c(n5)C5(C)CCC6C5(C)C)n4)nc31)C2(C)C,obwrappers,Hotpot obWrappers,ligand,True,passed,True,6.036920724436641,,,
131,CC12CCC(c3nnc(-c4cccc(-c5nnc6c(n5)C5(C)CCC6C5(C)C)n4)nc31)C2(C)C,obwrappers,Hotpot obWrappers,complex,True,passed,True,5.883052881807089,,,
132,CCc1nnc(-c2cccc(-c3cccc(-c4nnc(CC)c(CC)n4)n3)n2)nc1CC,obwrappers,Hotpot obWrappers,ligand,True,passed,True,4.407325638458133,,,
132,CCc1nnc(-c2cccc(-c3cccc(-c4nnc(CC)c(CC)n4)n3)n2)nc1CC,obwrappers,Hotpot obWrappers,complex,True,passed,True,3.4198644179850817,,,
133,CCCCCCCCN(CCCCCCCC)C(=O)COCC(=O)N(CCCCCCCC)CCCCCCCC,obwrappers,Hotpot obWrappers,ligand,True,passed,True,6.205914894118905,,,
133,CCCCCCCCN(CCCCCCCC)C(=O)COCC(=O)N(CCCCCCCC)CCCCCCCC,obwrappers,Hotpot obWrappers,complex,True,passed,True,8.500905027613044,,,
134,O=S(=O)([O][Na+])c1cccc(-c2nnc(-c3cccc(-c4nnc(-c5cccc(S(=O)(=O)[O][Na+])c5)c(-c5cccc(S(=O)(=O)[O][Na+])c5)n4)n3)nc2-c2cccc(S(=O)(=O)[O][Na+])c2)c1,obwrappers,Hotpot obWrappers,ligand,True,passed,True,3.7505086585879326,,,
134,O=S(=O)([O][Na+])c1cccc(-c2nnc(-c3cccc(-c4nnc(-c5cccc(S(=O)(=O)[O][Na+])c5)c(-c5cccc(S(=O)(=O)[O][Na+])c5)n4)n3)nc2-c2cccc(S(=O)(=O)[O][Na+])c2)c1,obwrappers,Hotpot obWrappers,complex,False,not_eligible,,,,,
135,CCCCCCCCN(CCCCCCCC)C(=S)c1ccc2ccc3ccc(C(=S)N(CCCCCCCC)CCCCCCCC)nc3c2n1,obwrappers,Hotpot obWrappers,ligand,True,passed,True,10.54205628298223,,,
135,CCCCCCCCN(CCCCCCCC)C(=S)c1ccc2ccc3ccc(C(=S)N(CCCCCCCC)CCCCCCCC)nc3c2n1,obwrappers,Hotpot obWrappers,complex,True,passed,True,10.312840033322573,,,
136,CCCCCCC(Br)C(=O)O,obwrappers,Hotpot obWrappers,ligand,True,passed,True,0.2177968379110098,,,
136,CCCCCCC(Br)C(=O)O,obwrappers,Hotpot obWrappers,complex,True,passed,True,0.20544594712555408,,,
137,CC(C)CN(CC(C)C)C(=O)c1ccc2ccc3ccc(C(=O)N(CC(C)C)CC(C)C)nc3c2n1,obwrappers,Hotpot obWrappers,ligand,True,passed,True,4.833425400778651,,,
137,CC(C)CN(CC(C)C)C(=O)c1ccc2ccc3ccc(C(=O)N(CC(C)C)CC(C)C)nc3c2n1,obwrappers,Hotpot obWrappers,complex,True,passed,True,6.7444710824638605,,,
138,O=C(Nc1ccccc1)c1ccc2ccc3ccc(C(=O)Nc4ccccc4)nc3c2n1,obwrappers,Hotpot obWrappers,ligand,True,passed,True,2.6098164096474648,,,
138,O=C(Nc1ccccc1)c1ccc2ccc3ccc(C(=O)Nc4ccccc4)nc3c2n1,obwrappers,Hotpot obWrappers,complex,True,passed,True,2.845466138795018,,,
139,Nc1ccc(S(=O)(=O)O)cc1,obwrappers,Hotpot obWrappers,ligand,True,passed,True,0.0680367760360241,,,
139,Nc1ccc(S(=O)(=O)O)cc1,obwrappers,Hotpot obWrappers,complex,False,not_eligible,,,,,
140,O=P(OC1CCCCC1)(OC1CCCCC1)c1ccc2ccc3ccc(P(=O)(OC4CCCCC4)OC4CCCCC4)nc3c2n1,obwrappers,Hotpot obWrappers,ligand,True,passed,True,7.9928664695471525,,,
140,O=P(OC1CCCCC1)(OC1CCCCC1)c1ccc2ccc3ccc(P(=O)(OC4CCCCC4)OC4CCCCC4)nc3c2n1,obwrappers,Hotpot obWrappers,complex,True,passed,True,4.992724187672138,,,
141,CCCCC(Br)C(=O)O,obwrappers,Hotpot obWrappers,ligand,True,passed,True,0.09739075973629951,,,
141,CCCCC(Br)C(=O)O,obwrappers,Hotpot obWrappers,complex,True,passed,True,0.10438979603350163,,,
142,CCN(C(=O)c1cccc(-c2cccc(C(=O)N(CC)c3ccccc3)n2)n1)c1ccccc1,obwrappers,Hotpot obWrappers,ligand,True,passed,True,4.989868996664882,,,
142,CCN(C(=O)c1cccc(-c2cccc(C(=O)N(CC)c3ccccc3)n2)n1)c1ccccc1,obwrappers,Hotpot obWrappers,complex,True,passed,True,4.205836484208703,,,
143,CCN(C(=O)c1cccc(-c2cccc(C(=O)N(CC)c3cccc(F)c3)n2)n1)c1cccc(F)c1,obwrappers,Hotpot obWrappers,ligand,True,passed,True,4.9080725684762,,,
143,CCN(C(=O)c1cccc(-c2cccc(C(=O)N(CC)c3cccc(F)c3)n2)n1)c1cccc(F)c1,obwrappers,Hotpot obWrappers,complex,True,passed,True,4.228618122637272,,,
144,CCN(C(=O)c1cccc(-c2cccc(C(=O)N(CC)c3ccc(F)cc3)n2)n1)c1ccc(F)cc1,obwrappers,Hotpot obWrappers,ligand,True,passed,True,4.992487965151668,,,
144,CCN(C(=O)c1cccc(-c2cccc(C(=O)N(CC)c3ccc(F)cc3)n2)n1)c1ccc(F)cc1,obwrappers,Hotpot obWrappers,complex,True,passed,True,4.22963417135179,,,
145,CCc1ccc(N(CC)C(=O)c2cccc(-c3cccc(C(=O)N(CC)c4ccc(CC)cc4)n3)n2)cc1,obwrappers,Hotpot obWrappers,ligand,True,passed,True,5.401995031163096,,,
145,CCc1ccc(N(CC)C(=O)c2cccc(-c3cccc(C(=O)N(CC)c4ccc(CC)cc4)n3)n2)cc1,obwrappers,Hotpot obWrappers,complex,True,passed,True,4.393375830724835,,,
146,CCN(C(=O)c1cccc(-c2cccc(C(=O)N(CC)c3ccc(C(C)C)cc3)n2)n1)c1ccc(C(C)C)cc1,obwrappers,Hotpot obWrappers,ligand,True,passed,True,6.0363355707377195,,,
146,CCN(C(=O)c1cccc(-c2cccc(C(=O)N(CC)c3ccc(C(C)C)cc3)n2)n1)c1ccc(C(C)C)cc1,obwrappers,Hotpot obWrappers,complex,True,passed,True,5.635170262306929,,,
147,CCN(C(=O)c1cccc(-c2cccc(C(=O)N(CC)c3ccc(C)c(C)c3)n2)n1)c1ccc(C)c(C)c1,obwrappers,Hotpot obWrappers,ligand,True,passed,True,6.1865853145718575,,,
147,CCN(C(=O)c1cccc(-c2cccc(C(=O)N(CC)c3ccc(C)c(C)c3)n2)n1)c1ccc(C)c(C)c1,obwrappers,Hotpot obWrappers,complex,True,passed,True,4.8857701532542706,,,
148,CCN(C(=O)c1cccc(-c2cccc(C(=O)N(CC)c3cc(C)ccc3C)n2)n1)c1cc(C)ccc1C,obwrappers,Hotpot obWrappers,ligand,True,passed,True,6.528845263645053,,,
148,CCN(C(=O)c1cccc(-c2cccc(C(=O)N(CC)c3cc(C)ccc3C)n2)n1)c1cc(C)ccc1C,obwrappers,Hotpot obWrappers,complex,True,passed,True,7.610461104661226,,,
149,CCN(C(=O)c1cccc(-c2cccc(C(=O)N(CC)c3ccccc3F)n2)n1)c1ccccc1F,obwrappers,Hotpot obWrappers,ligand,True,passed,True,5.158789522945881,,,
149,CCN(C(=O)c1cccc(-c2cccc(C(=O)N(CC)c3ccccc3F)n2)n1)c1ccccc1F,obwrappers,Hotpot obWrappers,complex,True,passed,True,4.216859869658947,,,
150,CCCCNC(=O)c1ccc2ccc3ccc(C(=O)NCCCC)nc3c2n1,obwrappers,Hotpot obWrappers,ligand,True,passed,True,1.957715691998601,,,
150,CCCCNC(=O)c1ccc2ccc3ccc(C(=O)NCCCC)nc3c2n1,obwrappers,Hotpot obWrappers,complex,True,passed,True,4.091478196904063,,,
151,CCCCCCNC(=O)c1ccc2ccc3ccc(C(=O)NCCCCCC)nc3c2n1,obwrappers,Hotpot obWrappers,ligand,True,passed,True,3.655636642128229,,,
151,CCCCCCNC(=O)c1ccc2ccc3ccc(C(=O)NCCCCCC)nc3c2n1,obwrappers,Hotpot obWrappers,complex,True,passed,True,6.148681091144681,,,
152,CCCCCCCCNC(=O)c1ccc2ccc3ccc(C(=O)NCCCCCCCC)nc3c2n1,obwrappers,Hotpot obWrappers,ligand,True,passed,True,3.515189738944173,,,
152,CCCCCCCCNC(=O)c1ccc2ccc3ccc(C(=O)NCCCCCCCC)nc3c2n1,obwrappers,Hotpot obWrappers,complex,True,passed,True,6.937690677121282,,,
153,CCc1cc(-c2ccc3ccc4ccc(C(=O)N(CC)CC)nc4c3n2)n[nH]1,obwrappers,Hotpot obWrappers,ligand,True,passed,True,2.0014755986630917,,,
153,CCc1cc(-c2ccc3ccc4ccc(C(=O)N(CC)CC)nc4c3n2)n[nH]1,obwrappers,Hotpot obWrappers,complex,True,passed,True,1.7975272983312607,,,
154,O=C(c1ccc2ccc3ccc(-c4cc(CCCCCCO)[nH]n4)nc3c2n1)N(CCCCCCO)CCCCCCO,obwrappers,Hotpot obWrappers,ligand,True,passed,True,6.455075619742274,,,
154,O=C(c1ccc2ccc3ccc(-c4cc(CCCCCCO)[nH]n4)nc3c2n1)N(CCCCCCO)CCCCCCO,obwrappers,Hotpot obWrappers,complex,True,passed,True,3.4697793517261744,,,
155,CC(C)N(C(=O)c1ccc2ccc3ccc(C(=O)N(C(C)C)C(C)C)nc3c2n1)C(C)C,obwrappers,Hotpot obWrappers,ligand,True,passed,True,2.029771389439702,,,
155,CC(C)N(C(=O)c1ccc2ccc3ccc(C(=O)N(C(C)C)C(C)C)nc3c2n1)C(C)C,obwrappers,Hotpot obWrappers,complex,True,passed,True,3.2713965717703104,,,
156,CC1CCCC(C)N1C(=O)c1ccc2ccc3ccc(C(=O)N4C(C)CCCC4C)nc3c2n1,obwrappers,Hotpot obWrappers,ligand,True,passed,True,4.3026537243276834,,,
156,CC1CCCC(C)N1C(=O)c1ccc2ccc3ccc(C(=O)N4C(C)CCCC4C)nc3c2n1,obwrappers,Hotpot obWrappers,complex,True,passed,True,3.2462768889963627,,,
157,O=C(c1ccc2ccc3ccc(C(=O)N4CCOCC4)nc3c2n1)N1CCOCC1,obwrappers,Hotpot obWrappers,ligand,True,passed,True,3.6501207165420055,,,
157,O=C(c1ccc2ccc3ccc(C(=O)N4CCOCC4)nc3c2n1)N1CCOCC1,obwrappers,Hotpot obWrappers,complex,True,failed_quality,False,7.838672049343586,atom_overlap;atom_overlap,,
158,O=C(NC1CCCCC1)c1ccc2ccc3ccc(C(=O)NC4CCCCC4)nc3c2n1,obwrappers,Hotpot obWrappers,ligand,True,passed,True,3.0274414531886578,,,
158,O=C(NC1CCCCC1)c1ccc2ccc3ccc(C(=O)NC4CCCCC4)nc3c2n1,obwrappers,Hotpot obWrappers,complex,True,passed,True,2.874848259612918,,,
159,CCC(CC)CNC(=O)c1ccc2ccc3ccc(C(=O)NCC(CC)CC)nc3c2n1,obwrappers,Hotpot obWrappers,ligand,True,passed,True,3.009746678173542,,,
159,CCC(CC)CNC(=O)c1ccc2ccc3ccc(C(=O)NCC(CC)CC)nc3c2n1,obwrappers,Hotpot obWrappers,complex,True,passed,True,5.786659283563495,,,
160,CCOC(=O)c1cccc(N(CC)C(=O)c2ccc3ccc4ccc(C(=O)N(CC)c5cccc(C(=O)OCC)c5)nc4c3n2)c1,obwrappers,Hotpot obWrappers,ligand,True,passed,True,7.109599119052291,,,
160,CCOC(=O)c1cccc(N(CC)C(=O)c2ccc3ccc4ccc(C(=O)N(CC)c5cccc(C(=O)OCC)c5)nc4c3n2)c1,obwrappers,Hotpot obWrappers,complex,True,passed,True,8.254577238112688,,,
161,CCCCN(C(=O)c1ccc2ccc3ccc(C(=O)N(CCCC)c4cccc(C(=O)OCC)c4)nc3c2n1)c1cccc(C(=O)OCC)c1,obwrappers,Hotpot obWrappers,ligand,True,passed,True,7.218474052846432,,,
161,CCCCN(C(=O)c1ccc2ccc3ccc(C(=O)N(CCCC)c4cccc(C(=O)OCC)c4)nc3c2n1)c1cccc(C(=O)OCC)c1,obwrappers,Hotpot obWrappers,complex,True,passed,True,8.856593320146203,,,
162,CCCCCCCCN(C(=O)c1ccc2ccc3ccc(C(=O)N(CCCCCCCC)c4cccc(C(=O)OCC)c4)nc3c2n1)c1cccc(C(=O)OCC)c1,obwrappers,Hotpot obWrappers,ligand,True,passed,True,10.364281294867396,,,
162,CCCCCCCCN(C(=O)c1ccc2ccc3ccc(C(=O)N(CCCCCCCC)c4cccc(C(=O)OCC)c4)nc3c2n1)c1cccc(C(=O)OCC)c1,obwrappers,Hotpot obWrappers,complex,True,passed,True,10.10255041345954,,,
163,CCCN(C(=O)c1ccc2ccc3ccc(C(=O)N(CCC)c4ccc(C)cc4)nc3c2n1)c1ccc(C)cc1,obwrappers,Hotpot obWrappers,ligand,True,passed,True,4.890238005667925,,,
163,CCCN(C(=O)c1ccc2ccc3ccc(C(=O)N(CCC)c4ccc(C)cc4)nc3c2n1)c1ccc(C)cc1,obwrappers,Hotpot obWrappers,complex,True,passed,True,5.69550483673811,,,
164,CCc1ccc(N(CC)C(=O)c2ccc3ccc4ccc(C(=O)N(CC)c5ccc(CC)cc5)nc4c3n2)cc1,obwrappers,Hotpot obWrappers,ligand,True,passed,True,6.977457093074918,,,
164,CCc1ccc(N(CC)C(=O)c2ccc3ccc4ccc(C(=O)N(CC)c5ccc(CC)cc5)nc4c3n2)cc1,obwrappers,Hotpot obWrappers,complex,True,passed,True,7.098889855667949,,,
165,CCCCc1ccc(N(CC)C(=O)c2ccc3ccc4ccc(C(=O)N(CC)c5ccc(CCCC)cc5)nc4c3n2)cc1,obwrappers,Hotpot obWrappers,ligand,True,passed,True,8.229720650240779,,,
165,CCCCc1ccc(N(CC)C(=O)c2ccc3ccc4ccc(C(=O)N(CC)c5ccc(CCCC)cc5)nc4c3n2)cc1,obwrappers,Hotpot obWrappers,complex,True,passed,True,9.76390616595745,,,
166,CCCCCCc1ccc(N(CC)C(=O)c2ccc3ccc4ccc(C(=O)N(CC)c5ccc(CCCCCC)cc5)nc4c3n2)cc1,obwrappers,Hotpot obWrappers,ligand,True,passed,True,9.52800958417356,,,
166,CCCCCCc1ccc(N(CC)C(=O)c2ccc3ccc4ccc(C(=O)N(CC)c5ccc(CCCCCC)cc5)nc4c3n2)cc1,obwrappers,Hotpot obWrappers,complex,True,passed,True,11.349736167117953,,,
167,CCN(C(=O)c1ccc2ccc3ccc(C(=O)N(CC)c4ccc(C(C)(C)C)cc4)nc3c2n1)c1ccc(C(C)(C)C)cc1,obwrappers,Hotpot obWrappers,ligand,True,passed,True,2.869191439822316,,,
167,CCN(C(=O)c1ccc2ccc3ccc(C(=O)N(CC)c4ccc(C(C)(C)C)cc4)nc3c2n1)c1ccc(C(C)(C)C)cc1,obwrappers,Hotpot obWrappers,complex,True,passed,True,7.606364663690329,,,
168,CCN(C(=O)c1ccc2ccc3ccc(C(=O)N(CC)c4ccc(C5CCCCC5)cc4)nc3c2n1)c1ccc(C2CCCCC2)cc1,obwrappers,Hotpot obWrappers,ligand,True,passed,True,4.219538630917668,,,
168,CCN(C(=O)c1ccc2ccc3ccc(C(=O)N(CC)c4ccc(C5CCCCC5)cc4)nc3c2n1)c1ccc(C2CCCCC2)cc1,obwrappers,Hotpot obWrappers,complex,True,passed,True,10.775360824540257,,,
169,CCN(C(=O)c1ccc2ccc3ccc(C(=O)N(CC)c4ccc5c(c4)CCCC5)nc3c2n1)c1ccc2c(c1)CCCC2,obwrappers,Hotpot obWrappers,ligand,True,passed,True,3.5596267208456993,,,
169,CCN(C(=O)c1ccc2ccc3ccc(C(=O)N(CC)c4ccc5c(c4)CCCC5)nc3c2n1)c1ccc2c(c1)CCCC2,obwrappers,Hotpot obWrappers,complex,True,passed,True,8.627510698512197,,,
170,CCCN(C(=O)c1cc(Cl)c2ccc3c(Cl)cc(C(=O)N(CCC)c4ccc(C)cc4)nc3c2n1)c1ccc(C)cc1,obwrappers,Hotpot obWrappers,ligand,True,passed,True,5.768580008298159,,,
170,CCCN(C(=O)c1cc(Cl)c2ccc3c(Cl)cc(C(=O)N(CCC)c4ccc(C)cc4)nc3c2n1)c1ccc(C)cc1,obwrappers,Hotpot obWrappers,complex,True,passed,True,5.584312820807099,,,
171,CCN(C(=O)c1cc(Cl)c2ccc3c(Cl)cc(C(=O)N(CC)c4ccc(C)cc4)nc3c2n1)c1ccc(C)cc1,obwrappers,Hotpot obWrappers,ligand,True,passed,True,4.7497820015996695,,,
171,CCN(C(=O)c1cc(Cl)c2ccc3c(Cl)cc(C(=O)N(CC)c4ccc(C)cc4)nc3c2n1)c1ccc(C)cc1,obwrappers,Hotpot obWrappers,complex,True,passed,True,4.701650923117995,,,
172,CCc1ccc(N(CC)C(=O)c2cc(Cl)c3ccc4c(Cl)cc(C(=O)N(CC)c5ccc(CC)cc5)nc4c3n2)cc1,obwrappers,Hotpot obWrappers,ligand,True,passed,True,7.378233199939132,,,
172,CCc1ccc(N(CC)C(=O)c2cc(Cl)c3ccc4c(Cl)cc(C(=O)N(CC)c5ccc(CC)cc5)nc4c3n2)cc1,obwrappers,Hotpot obWrappers,complex,True,passed,True,7.531113762408495,,,
173,CCCCc1ccc(N(CC)C(=O)c2cc(Cl)c3ccc4c(Cl)cc(C(=O)N(CC)c5ccc(CCCC)cc5)nc4c3n2)cc1,obwrappers,Hotpot obWrappers,ligand,True,passed,True,9.127359775826335,,,
173,CCCCc1ccc(N(CC)C(=O)c2cc(Cl)c3ccc4c(Cl)cc(C(=O)N(CC)c5ccc(CCCC)cc5)nc4c3n2)cc1,obwrappers,Hotpot obWrappers,complex,True,passed,True,9.542194567620754,,,
174,CCCCCCc1ccc(N(CC)C(=O)c2cc(Cl)c3ccc4c(Cl)cc(C(=O)N(CC)c5ccc(CCCCCC)cc5)nc4c3n2)cc1,obwrappers,Hotpot obWrappers,ligand,True,passed,True,10.89209776185453,,,
174,CCCCCCc1ccc(N(CC)C(=O)c2cc(Cl)c3ccc4c(Cl)cc(C(=O)N(CC)c5ccc(CCCCCC)cc5)nc4c3n2)cc1,obwrappers,Hotpot obWrappers,complex,True,passed,True,11.197704877704382,,,
175,CCN(C(=O)c1cc(Cl)c2ccc3c(Cl)cc(C(=O)N(CC)c4ccc(C(C)(C)C)cc4)nc3c2n1)c1ccc(C(C)(C)C)cc1,obwrappers,Hotpot obWrappers,ligand,True,passed,True,7.257499724626541,,,
175,CCN(C(=O)c1cc(Cl)c2ccc3c(Cl)cc(C(=O)N(CC)c4ccc(C(C)(C)C)cc4)nc3c2n1)c1ccc(C(C)(C)C)cc1,obwrappers,Hotpot obWrappers,complex,True,passed,True,8.207114472985268,,,
176,CCN(C(=O)c1cc(Cl)c2ccc3c(Cl)cc(C(=O)N(CC)c4ccc(C5CCCCC5)cc4)nc3c2n1)c1ccc(C2CCCCC2)cc1,obwrappers,Hotpot obWrappers,ligand,True,passed,True,7.966644262894988,,,
176,CCN(C(=O)c1cc(Cl)c2ccc3c(Cl)cc(C(=O)N(CC)c4ccc(C5CCCCC5)cc4)nc3c2n1)c1ccc(C2CCCCC2)cc1,obwrappers,Hotpot obWrappers,complex,True,passed,True,10.702193707227707,,,
177,CCN(C(=O)c1cc(Cl)c2ccc3c(Cl)cc(C(=O)N(CC)c4ccc5c(c4)CCCC5)nc3c2n1)c1ccc2c(c1)CCCC2,obwrappers,Hotpot obWrappers,ligand,True,passed,True,6.922349302098155,,,
177,CCN(C(=O)c1cc(Cl)c2ccc3c(Cl)cc(C(=O)N(CC)c4ccc5c(c4)CCCC5)nc3c2n1)c1ccc2c(c1)CCCC2,obwrappers,Hotpot obWrappers,complex,True,passed,True,8.901595588773489,,,
178,CCCCCCn1cc(-c2ccc3ccc4ccc(-c5cn(CCCCCC)nn5)nc4c3n2)nn1,obwrappers,Hotpot obWrappers,ligand,True,passed,True,3.802231676876545,,,
178,CCCCCCn1cc(-c2ccc3ccc4ccc(-c5cn(CCCCCC)nn5)nc4c3n2)nn1,obwrappers,Hotpot obWrappers,complex,True,passed,True,4.44941746070981,,,
179,c1ccc(Cn2cc(-c3ccc4ccc5ccc(-c6cn(Cc7ccccc7)nn6)nc5c4n3)nn2)cc1,obwrappers,Hotpot obWrappers,ligand,True,passed,True,6.207773357629776,,,
179,c1ccc(Cn2cc(-c3ccc4ccc5ccc(-c6cn(Cc7ccccc7)nn6)nc5c4n3)nn2)cc1,obwrappers,Hotpot obWrappers,complex,True,passed,True,5.893548686057329,,,
180,CC(C)(C)c1cc(-c2cccc(-c3cc(C(C)(C)C)[nH]n3)n2)n[nH]1,obwrappers,Hotpot obWrappers,ligand,True,passed,True,1.8536491710692644,,,
180,CC(C)(C)c1cc(-c2cccc(-c3cc(C(C)(C)C)[nH]n3)n2)n[nH]1,obwrappers,Hotpot obWrappers,complex,True,passed,True,2.3275014087557793,,,
181,OCCCn1cc(-c2cccc(-c3cn(CCCO)nn3)n2)nn1,obwrappers,Hotpot obWrappers,ligand,True,passed,True,2.0921755712479353,,,
181,OCCCn1cc(-c2cccc(-c3cn(CCCO)nn3)n2)nn1,obwrappers,Hotpot obWrappers,complex,True,passed,True,2.9051336273550987,,,
182,CC(C)(C)c1ccccc1,obwrappers,Hotpot obWrappers,ligand,True,passed,True,0.212992612272501,,,
182,CC(C)(C)c1ccccc1,obwrappers,Hotpot obWrappers,complex,False,not_eligible,,,,,
183,CCCCCCCCCCCCCCC(C(=O)N(C)CCCC)C(=O)N(C)CCCC,obwrappers,Hotpot obWrappers,ligand,True,passed,True,2.8653502631932497,,,
183,CCCCCCCCCCCCCCC(C(=O)N(C)CCCC)C(=O)N(C)CCCC,obwrappers,Hotpot obWrappers,complex,True,passed,True,4.440413784235716,,,
184,CCCCCCCCN(C)C(=O)C(CCOCCCCCC)C(=O)N(C)CCCCCCCC,obwrappers,Hotpot obWrappers,ligand,True,failed_quality,False,5.355703137814999,atom_overlap,,
184,CCCCCCCCN(C)C(=O)C(CCOCCCCCC)C(=O)N(C)CCCCCCCC,obwrappers,Hotpot obWrappers,complex,True,failed_quality,False,8.878670567646623,short_bond;bond_length_ratio,,
185,O=S(=O)(c1ccccc1)C(F)(F)F,obwrappers,Hotpot obWrappers,ligand,True,passed,True,0.1995636150240898,,,
185,O=S(=O)(c1ccccc1)C(F)(F)F,obwrappers,Hotpot obWrappers,complex,False,not_eligible,,,,,
186,CCCCCCCCCCCC,obwrappers,Hotpot obWrappers,ligand,True,passed,True,0.8351033739745617,,,
186,CCCCCCCCCCCC,obwrappers,Hotpot obWrappers,complex,False,not_eligible,,,,,
187,O=[N+]([O-])c1cccc(C(F)(F)F)c1,obwrappers,Hotpot obWrappers,ligand,True,passed,True,0.07034008204936981,,,
187,O=[N+]([O-])c1cccc(C(F)(F)F)c1,obwrappers,Hotpot obWrappers,complex,False,not_eligible,,,,,
1,O=C(O)c1ccc2ccc3ccc(C(=O)O)nc3c2n1,hotpot_optimize_complex,Hotpot optimize_complex,ligand,True,passed,True,2.066862029954791,,,
1,O=C(O)c1ccc2ccc3ccc(C(=O)O)nc3c2n1,hotpot_optimize_complex,Hotpot optimize_complex,complex,True,passed,True,1.8707029279321432,,,
2,OCc1ccc2ccc3ccc(CO)nc3c2n1,hotpot_optimize_complex,Hotpot optimize_complex,ligand,True,passed,True,2.011384913697839,,,
2,OCc1ccc2ccc3ccc(CO)nc3c2n1,hotpot_optimize_complex,Hotpot optimize_complex,complex,True,passed,True,2.225298196077347,,,
3,CCN(CC)C(=O)c1ccc2ccc3cccnc3c2n1,hotpot_optimize_complex,Hotpot optimize_complex,ligand,True,passed,True,3.3626064024865627,,,
3,CCN(CC)C(=O)c1ccc2ccc3cccnc3c2n1,hotpot_optimize_complex,Hotpot optimize_complex,complex,True,passed,True,5.211666965857148,,,
4,CCCCN(CCCC)C(=O)c1ccc2ccc3cccnc3c2n1,hotpot_optimize_complex,Hotpot optimize_complex,ligand,True,passed,True,5.091860672459006,,,
4,CCCCN(CCCC)C(=O)c1ccc2ccc3cccnc3c2n1,hotpot_optimize_complex,Hotpot optimize_complex,complex,True,passed,True,7.243630215525627,,,
5,CCCCCCN(CCCCCC)C(=O)c1ccc2ccc3cccnc3c2n1,hotpot_optimize_complex,Hotpot optimize_complex,ligand,True,passed,True,6.458411607891321,,,
5,CCCCCCN(CCCCCC)C(=O)c1ccc2ccc3cccnc3c2n1,hotpot_optimize_complex,Hotpot optimize_complex,complex,True,passed,True,11.178544579073787,,,
6,CN(C(=O)c1ccc2ccc3cccnc3c2n1)c1ccccc1,hotpot_optimize_complex,Hotpot optimize_complex,ligand,True,passed,True,3.192757146432996,,,
6,CN(C(=O)c1ccc2ccc3cccnc3c2n1)c1ccccc1,hotpot_optimize_complex,Hotpot optimize_complex,complex,True,passed,True,3.7295596301555634,,,
7,CCN(C(=O)c1ccc2ccc3cccnc3c2n1)c1ccc(C)cc1,hotpot_optimize_complex,Hotpot optimize_complex,ligand,True,passed,True,3.6755346413701773,,,
7,CCN(C(=O)c1ccc2ccc3cccnc3c2n1)c1ccc(C)cc1,hotpot_optimize_complex,Hotpot optimize_complex,complex,True,passed,True,5.748111851513386,,,
8,NC(=O)c1ccc2ccc3ccc(C(N)=O)nc3c2n1,hotpot_optimize_complex,Hotpot optimize_complex,ligand,True,passed,True,1.975943248718977,,,
8,NC(=O)c1ccc2ccc3ccc(C(N)=O)nc3c2n1,hotpot_optimize_complex,Hotpot optimize_complex,complex,True,passed,True,1.8717493694275618,,,
9,CCCCNC(=O)c1ccc2ccc3ccc(C(=O)NCCC)nc3c2n1,hotpot_optimize_complex,Hotpot optimize_complex,ligand,True,passed,True,3.2428971603512764,,,
9,CCCCNC(=O)c1ccc2ccc3ccc(C(=O)NCCC)nc3c2n1,hotpot_optimize_complex,Hotpot optimize_complex,complex,True,passed,True,6.820961439982057,,,
10,CCCCCCCCCCCCN(CCCCCCCCCCCC)C(=O)c1ccc2ccc3ccc(C(=O)N(CCCCCCCCCCCC)CCCCCCCCCCCC)nc3c2n1,hotpot_optimize_complex,Hotpot optimize_complex,ligand,True,passed,True,18.53650239482522,,,
10,CCCCCCCCCCCCN(CCCCCCCCCCCC)C(=O)c1ccc2ccc3ccc(C(=O)N(CCCCCCCCCCCC)CCCCCCCCCCCC)nc3c2n1,hotpot_optimize_complex,Hotpot optimize_complex,complex,True,passed,True,24.632234182208776,,,
11,CCN(C(=O)c1ccc2ccc3ccc(C(=O)N(CC)c4ccc(C)cc4)nc3c2n1)c1ccc(C)cc1,hotpot_optimize_complex,Hotpot optimize_complex,ligand,True,passed,True,4.052164519205689,,,
11,CCN(C(=O)c1ccc2ccc3ccc(C(=O)N(CC)c4ccc(C)cc4)nc3c2n1)c1ccc(C)cc1,hotpot_optimize_complex,Hotpot optimize_complex,complex,True,passed,True,9.195380635559559,,,
12,CCN(CC)C(=O)c1ccc2ccc3ccc(C(=O)N(CC)CC)nc3c2n1,hotpot_optimize_complex,Hotpot optimize_complex,ligand,True,passed,True,3.709219053387642,,,
12,CCN(CC)C(=O)c1ccc2ccc3ccc(C(=O)N(CC)CC)nc3c2n1,hotpot_optimize_complex,Hotpot optimize_complex,complex,True,passed,True,7.334957927465439,,,
13,CCCCN(CCCC)C(=O)c1ccc2ccc3ccc(C(=O)N(CCCC)CCCC)nc3c2n1,hotpot_optimize_complex,Hotpot optimize_complex,ligand,True,passed,True,8.232285609468818,,,
13,CCCCN(CCCC)C(=O)c1ccc2ccc3ccc(C(=O)N(CCCC)CCCC)nc3c2n1,hotpot_optimize_complex,Hotpot optimize_complex,complex,True,passed,True,14.557112852111459,,,
14,CCCCCCN(CCCCCC)C(=O)c1ccc2ccc3ccc(C(=O)N(CCCCCC)CCCCCC)nc3c2n1,hotpot_optimize_complex,Hotpot optimize_complex,ligand,True,passed,True,8.958210112527013,,,
14,CCCCCCN(CCCCCC)C(=O)c1ccc2ccc3ccc(C(=O)N(CCCCCC)CCCCCC)nc3c2n1,hotpot_optimize_complex,Hotpot optimize_complex,complex,True,passed,True,18.182887153699994,,,
15,CCCCCCCCN(CCCCCCCC)C(=O)c1ccc2ccc3ccc(C(=O)N(CCCCCCCC)CCCCCCCC)nc3c2n1,hotpot_optimize_complex,Hotpot optimize_complex,ligand,True,passed,True,11.001218602061272,,,
15,CCCCCCCCN(CCCCCCCC)C(=O)c1ccc2ccc3ccc(C(=O)N(CCCCCCCC)CCCCCCCC)nc3c2n1,hotpot_optimize_complex,Hotpot optimize_complex,complex,True,passed,True,27.65867020189762,,,
16,O=C(c1ccc2ccc3ccc(C(=O)N4CCCc5ccccc54)nc3c2n1)N1CCCc2ccccc21,hotpot_optimize_complex,Hotpot optimize_complex,ligand,True,passed,True,6.493730112910271,,,
16,O=C(c1ccc2ccc3ccc(C(=O)N4CCCc5ccccc54)nc3c2n1)N1CCCc2ccccc21,hotpot_optimize_complex,Hotpot optimize_complex,complex,True,passed,True,11.394181551411748,,,
17,CN(C(=O)c1ccc2ccc3ccc(C(=O)N(C)c4ccccc4)nc3c2n1)c1ccccc1,hotpot_optimize_complex,Hotpot optimize_complex,ligand,True,passed,True,4.088919427245855,,,
17,CN(C(=O)c1ccc2ccc3ccc(C(=O)N(C)c4ccccc4)nc3c2n1)c1ccccc1,hotpot_optimize_complex,Hotpot optimize_complex,complex,True,passed,True,6.596698418259621,,,
18,CCN(C(=O)c1ccc2ccc3ccc(C(=O)N(CC)c4ccccc4)nc3c2n1)c1ccccc1,hotpot_optimize_complex,Hotpot optimize_complex,ligand,True,passed,True,3.609481994062662,,,
18,CCN(C(=O)c1ccc2ccc3ccc(C(=O)N(CC)c4ccccc4)nc3c2n1)c1ccccc1,hotpot_optimize_complex,Hotpot optimize_complex,complex,True,passed,True,8.127445848658681,,,
19,CCCCCCCCN(C(=O)c1ccc2ccc3ccc(C(=O)N(CCCCCCCC)c4ccccc4)nc3c2n1)c1ccccc1,hotpot_optimize_complex,Hotpot optimize_complex,ligand,True,passed,True,9.796169642359018,,,
19,CCCCCCCCN(C(=O)c1ccc2ccc3ccc(C(=O)N(CCCCCCCC)c4ccccc4)nc3c2n1)c1ccccc1,hotpot_optimize_complex,Hotpot optimize_complex,complex,True,passed,True,20.351078426465392,,,
20,CCCCCCn1c(-c2ccccc2)c(-c2ccccc2)c2cc3ccc4cc5c(-c6ccccc6)c(-c6ccccc6)n(CCCCCC)c(=O)c5nc4c3nc2c1=O,hotpot_optimize_complex,Hotpot optimize_complex,ligand,True,passed,True,16.351799495518208,,,
20,CCCCCCn1c(-c2ccccc2)c(-c2ccccc2)c2cc3ccc4cc5c(-c6ccccc6)c(-c6ccccc6)n(CCCCCC)c(=O)c5nc4c3nc2c1=O,hotpot_optimize_complex,Hotpot optimize_complex,complex,True,passed,True,20.22935921512544,,,
21,O=C(NC(CO)(CO)CO)c1ccc2ccc3ccc(C(=O)NC(CO)(CO)CO)nc3c2n1,hotpot_optimize_complex,Hotpot optimize_complex,ligand,True,passed,True,6.438919613137841,,,
21,O=C(NC(CO)(CO)CO)c1ccc2ccc3ccc(C(=O)NC(CO)(CO)CO)nc3c2n1,hotpot_optimize_complex,Hotpot optimize_complex,complex,True,passed,True,12.946774648502469,,,
22,O=S(=O)(O)c1cccc(-c2nnc(-c3ccc4ccc5ccc(-c6nnc(-c7cccc(S(=O)(=O)O)c7)c(-c7cccc(S(=O)(=O)O)c7)n6)nc5c4n3)nc2-c2cccc(S(=O)(=O)O)c2)c1,hotpot_optimize_complex,Hotpot optimize_complex,ligand,True,passed,True,12.886543804779649,,,
22,O=S(=O)(O)c1cccc(-c2nnc(-c3ccc4ccc5ccc(-c6nnc(-c7cccc(S(=O)(=O)O)c7)c(-c7cccc(S(=O)(=O)O)c7)n6)nc5c4n3)nc2-c2cccc(S(=O)(=O)O)c2)c1,hotpot_optimize_complex,Hotpot optimize_complex,complex,True,passed,True,20.630655014887452,,,
23,O=C(Nc1cccc(S(=O)(=O)O)c1)c1ccc2ccc3ccc(C(=O)Nc4cccc(S(=O)(=O)O)c4)nc3c2n1,hotpot_optimize_complex,Hotpot optimize_complex,ligand,True,passed,True,4.526117889210582,,,
23,O=C(Nc1cccc(S(=O)(=O)O)c1)c1ccc2ccc3ccc(C(=O)Nc4cccc(S(=O)(=O)O)c4)nc3c2n1,hotpot_optimize_complex,Hotpot optimize_complex,complex,True,passed,True,11.365068033337593,,,
24,O=C(CNC(CO)(CO)CO)Cn1cc(-c2cccc(-c3cn(CC(=O)CNC(CO)(CO)CO)nn3)n2)nn1,hotpot_optimize_complex,Hotpot optimize_complex,ligand,True,passed,True,7.945665739476681,,,
24,O=C(CNC(CO)(CO)CO)Cn1cc(-c2cccc(-c3cn(CC(=O)CNC(CO)(CO)CO)nn3)n2)nn1,hotpot_optimize_complex,Hotpot optimize_complex,complex,True,passed,True,13.447277819737792,,,
25,OCCn1cc(-c2ccc3ccc4ccc(-c5cn(CCO)nn5)nc4c3n2)nn1,hotpot_optimize_complex,Hotpot optimize_complex,ligand,True,passed,True,3.484368624165654,,,
25,OCCn1cc(-c2ccc3ccc4ccc(-c5cn(CCO)nn5)nc4c3n2)nn1,hotpot_optimize_complex,Hotpot optimize_complex,complex,True,passed,True,4.933614676818252,,,
26,c1cc(-c2nnn[nH]2)nc(-c2nnn[nH]2)c1,hotpot_optimize_complex,Hotpot optimize_complex,ligand,True,passed,True,1.4884049482643604,,,
26,c1cc(-c2nnn[nH]2)nc(-c2nnn[nH]2)c1,hotpot_optimize_complex,Hotpot optimize_complex,complex,True,passed,True,1.9078347012400627,,,
27,CC1CCC(n2nnnc2-c2cccc(-c3nnnn3C3CCC(C)CC3)n2)CC1,hotpot_optimize_complex,Hotpot optimize_complex,ligand,True,passed,True,6.621750334277749,,,
27,CC1CCC(n2nnnc2-c2cccc(-c3nnnn3C3CCC(C)CC3)n2)CC1,hotpot_optimize_complex,Hotpot optimize_complex,complex,True,passed,True,10.215154349803925,,,
28,OCCCn1nnnc1-c1cccc(-c2nnnn2CCCO)n1,hotpot_optimize_complex,Hotpot optimize_complex,ligand,True,passed,True,4.388141764327884,,,
28,OCCCn1nnnc1-c1cccc(-c2nnnn2CCCO)n1,hotpot_optimize_complex,Hotpot optimize_complex,complex,True,passed,True,6.625171633437276,,,
29,c1ccc(-c2cccc(-c3nnn[nH]3)n2)nc1,hotpot_optimize_complex,Hotpot optimize_complex,ligand,True,passed,True,1.8332889825105667,,,
29,c1ccc(-c2cccc(-c3nnn[nH]3)n2)nc1,hotpot_optimize_complex,Hotpot optimize_complex,complex,True,passed,True,2.649615727365017,,,
30,c1ccc(-c2cccc(-c3ccccn3)n2)nc1,hotpot_optimize_complex,Hotpot optimize_complex,ligand,True,passed,True,2.086389908567071,,,
30,c1ccc(-c2cccc(-c3ccccn3)n2)nc1,hotpot_optimize_complex,Hotpot optimize_complex,complex,True,passed,True,2.7772590462118387,,,
31,c1ccc(-c2nc(-c3ccccn3)nc(-c3ccccn3)n2)nc1,hotpot_optimize_complex,Hotpot optimize_complex,ligand,True,passed,True,2.1001395732164383,,,
31,c1ccc(-c2nc(-c3ccccn3)nc(-c3ccccn3)n2)nc1,hotpot_optimize_complex,Hotpot optimize_complex,complex,True,passed,True,5.1066932789981365,,,
32,CCc1nnc(-c2cccc(-c3ccccn3)n2)nc1CC,hotpot_optimize_complex,Hotpot optimize_complex,ligand,True,passed,True,3.09225982055068,,,
32,CCc1nnc(-c2cccc(-c3ccccn3)n2)nc1CC,hotpot_optimize_complex,Hotpot optimize_complex,complex,True,passed,True,3.5442304648458958,,,
33,CCCc1nnc(-c2cccc(-c3nnc(CCC)c(CCC)n3)n2)nc1CCC,hotpot_optimize_complex,Hotpot optimize_complex,ligand,True,passed,True,6.803726950660348,,,
33,CCCc1nnc(-c2cccc(-c3nnc(CCC)c(CCC)n3)n2)nc1CCC,hotpot_optimize_complex,Hotpot optimize_complex,complex,True,passed,True,9.008829588070512,,,
34,CCCCCCn1c(-c2cccc(-c3nc4ccccc4n3CCCCCC)n2)nc2ccccc21,hotpot_optimize_complex,Hotpot optimize_complex,ligand,True,passed,True,8.998147943988442,,,
34,CCCCCCn1c(-c2cccc(-c3nc4ccccc4n3CCCCCC)n2)nc2ccccc21,hotpot_optimize_complex,Hotpot optimize_complex,complex,True,passed,True,13.976903203874826,,,
35,CC(C)(C)Cc1cc(-c2cccc(-c3cc(CC(C)(C)C)[nH]n3)n2)n[nH]1,hotpot_optimize_complex,Hotpot optimize_complex,ligand,True,passed,True,4.8162634670734406,,,
35,CC(C)(C)Cc1cc(-c2cccc(-c3cc(CC(C)(C)C)[nH]n3)n2)n[nH]1,hotpot_optimize_complex,Hotpot optimize_complex,complex,True,passed,True,7.854285798966885,,,
36,CCCCc1nc(-c2cccc(-c3n[nH]c(CCCC)n3)n2)n[nH]1,hotpot_optimize_complex,Hotpot optimize_complex,ligand,True,passed,True,4.371423112228513,,,
36,CCCCc1nc(-c2cccc(-c3n[nH]c(CCCC)n3)n2)n[nH]1,hotpot_optimize_complex,Hotpot optimize_complex,complex,True,passed,True,6.049399863928556,,,
37,CCCCn1cc(-c2cccc(-c3cn(CCCO)nn3)n2)nn1,hotpot_optimize_complex,Hotpot optimize_complex,ligand,True,passed,True,3.937730424106121,,,
37,CCCCn1cc(-c2cccc(-c3cn(CCCO)nn3)n2)nn1,hotpot_optimize_complex,Hotpot optimize_complex,complex,True,passed,True,5.168791215866804,,,
38,CCOP(=O)(OCC)c1ccc2ccc3ccc(P(=O)(OCC)OCC)nc3c2n1,hotpot_optimize_complex,Hotpot optimize_complex,ligand,True,passed,True,3.9421057291328907,,,
38,CCOP(=O)(OCC)c1ccc2ccc3ccc(P(=O)(OCC)OCC)nc3c2n1,hotpot_optimize_complex,Hotpot optimize_complex,complex,True,passed,True,7.994907293468714,,,
39,O=P(c1ccccc1)(c1ccccc1)c1cccc(P(=O)(c2ccccc2)c2ccccc2)n1,hotpot_optimize_complex,Hotpot optimize_complex,ligand,True,passed,True,4.5597862135618925,,,
39,O=P(c1ccccc1)(c1ccccc1)c1cccc(P(=O)(c2ccccc2)c2ccccc2)n1,hotpot_optimize_complex,Hotpot optimize_complex,complex,True,passed,True,10.72643475420773,,,
40,O=P(c1ccccc1)(c1ccccc1)c1ccc2ccc3ccc(P(=O)(c4ccccc4)c4ccccc4)nc3c2n1,hotpot_optimize_complex,Hotpot optimize_complex,ligand,True,passed,True,9.70715694129467,,,
40,O=P(c1ccccc1)(c1ccccc1)c1ccc2ccc3ccc(P(=O)(c4ccccc4)c4ccccc4)nc3c2n1,hotpot_optimize_complex,Hotpot optimize_complex,complex,True,passed,True,13.181546805426478,,,
41,CCCCCCc1ccc(N(CC)C(=O)c2cccc(-c3cccc(C(=O)N(CC)c4ccc(CCCCCC)cc4)n3)n2)cc1,hotpot_optimize_complex,Hotpot optimize_complex,ligand,True,passed,True,7.770000174641609,,,
41,CCCCCCc1ccc(N(CC)C(=O)c2cccc(-c3cccc(C(=O)N(CC)c4ccc(CCCCCC)cc4)n3)n2)cc1,hotpot_optimize_complex,Hotpot optimize_complex,complex,True,passed,True,9.640241315588355,,,
42,CC1(C)CCC(C)(C)c2nc(-c3cccc(-c4nnc5c(n4)C(C)(C)CCC5(C)C)n3)nnc21,hotpot_optimize_complex,Hotpot optimize_complex,ligand,True,passed,True,7.926932530477643,,,
42,CC1(C)CCC(C)(C)c2nc(-c3cccc(-c4nnc5c(n4)C(C)(C)CCC5(C)C)n3)nnc21,hotpot_optimize_complex,Hotpot optimize_complex,complex,True,passed,True,12.944396069273353,,,
43,CC1(C)CCC(C)(C)c2nc(-c3ccc4ccc5ccc(-c6nnc7c(n6)C(C)(C)CCC7(C)C)nc5c4n3)nnc21,hotpot_optimize_complex,Hotpot optimize_complex,ligand,True,passed,True,7.58394868299365,,,
43,CC1(C)CCC(C)(C)c2nc(-c3ccc4ccc5ccc(-c6nnc7c(n6)C(C)(C)CCC7(C)C)nc5c4n3)nnc21,hotpot_optimize_complex,Hotpot optimize_complex,complex,True,passed,True,14.147955430671573,,,
44,CC(C)OP(=O)(OC(C)C)c1ccc2ccc3ccc(P(=O)(OC(C)C)OC(C)C)nc3c2n1,hotpot_optimize_complex,Hotpot optimize_complex,ligand,True,passed,True,5.89874505251646,,,
44,CC(C)OP(=O)(OC(C)C)c1ccc2ccc3ccc(P(=O)(OC(C)C)OC(C)C)nc3c2n1,hotpot_optimize_complex,Hotpot optimize_complex,complex,True,passed,True,8.938034182414412,,,
45,O=P(COC1CCCCC1)(OC1CCCCC1)c1cccc(-c2cccc(P(=O)(OC3CCCCC3)OC3CCCCC3)n2)n1,hotpot_optimize_complex,Hotpot optimize_complex,ligand,True,passed,True,8.893324607983232,,,
45,O=P(COC1CCCCC1)(OC1CCCCC1)c1cccc(-c2cccc(P(=O)(OC3CCCCC3)OC3CCCCC3)n2)n1,hotpot_optimize_complex,Hotpot optimize_complex,complex,True,passed,True,11.643136331811547,,,
46,CC(C)OP(=O)(OC(C)C)c1cccc(-c2cccc(P(=O)(OC(C)C)OC(C)C)n2)n1,hotpot_optimize_complex,Hotpot optimize_complex,ligand,True,passed,True,6.0037956312298775,,,
46,CC(C)OP(=O)(OC(C)C)c1cccc(-c2cccc(P(=O)(OC(C)C)OC(C)C)n2)n1,hotpot_optimize_complex,Hotpot optimize_complex,complex,True,passed,True,9.002222606912255,,,
47,O=P(OC1CCCCC1)(OC1CCCCC1)c1cccc(-c2cccc(P(=O)(OC3CCCCC3)OC3CCCCC3)n2)n1,hotpot_optimize_complex,Hotpot optimize_complex,ligand,True,passed,True,8.34778588078916,,,
47,O=P(OC1CCCCC1)(OC1CCCCC1)c1cccc(-c2cccc(P(=O)(OC3CCCCC3)OC3CCCCC3)n2)n1,hotpot_optimize_complex,Hotpot optimize_complex,complex,True,passed,True,17.424856329336762,,,
48,O=P(C1=CC=CCC=C1)(c1ccccc1)c1ccc2ccc3ccc(P(=O)(C4=CCCC=C4)c4ccccc4)nc3c2n1,hotpot_optimize_complex,Hotpot optimize_complex,ligand,True,passed,True,10.106683358550072,,,
48,O=P(C1=CC=CCC=C1)(c1ccccc1)c1ccc2ccc3ccc(P(=O)(C4=CCCC=C4)c4ccccc4)nc3c2n1,hotpot_optimize_complex,Hotpot optimize_complex,complex,True,passed,True,14.963533744215965,,,
49,CCCCOP(=O)(OCCCC)c1ccc2ccc3ccc(P(=O)(OCCCC)OCCCC)nc3c2n1,hotpot_optimize_complex,Hotpot optimize_complex,ligand,True,passed,True,7.126175405457616,,,
49,CCCCOP(=O)(OCCCC)c1ccc2ccc3ccc(P(=O)(OCCCC)OCCCC)nc3c2n1,hotpot_optimize_complex,Hotpot optimize_complex,complex,True,passed,True,13.750544890761375,,,
50,CCCCP(=O)(c1ccccc1)c1ccc2ccc3ccc(P(=O)(CCCC)c4ccccc4)nc3c2n1,hotpot_optimize_complex,Hotpot optimize_complex,ligand,True,passed,True,9.092821592465043,,,
50,CCCCP(=O)(c1ccccc1)c1ccc2ccc3ccc(P(=O)(CCCC)c4ccccc4)nc3c2n1,hotpot_optimize_complex,Hotpot optimize_complex,complex,True,passed,True,14.23216449469328,,,
51,CCCCP(=O)(c1ccccc1)c1ccc2ccc3cccnc3c2n1,hotpot_optimize_complex,Hotpot optimize_complex,ligand,True,passed,True,3.4239339772611856,,,
51,CCCCP(=O)(c1ccccc1)c1ccc2ccc3cccnc3c2n1,hotpot_optimize_complex,Hotpot optimize_complex,complex,True,passed,True,8.966925570741296,,,
52,CCP(=O)(c1ccccc1)c1ccc2ccc3ccc(P(=O)(CC)c4ccccc4)nc3c2n1,hotpot_optimize_complex,Hotpot optimize_complex,ligand,True,passed,True,7.598935646936297,,,
52,CCP(=O)(c1ccccc1)c1ccc2ccc3ccc(P(=O)(CC)c4ccccc4)nc3c2n1,hotpot_optimize_complex,Hotpot optimize_complex,complex,True,passed,True,11.59750404395163,,,
53,CCOP(=O)(c1ccccc1)c1ccc2ccc3ccc(P(=O)(OCC)c4ccccc4)nc3c2n1,hotpot_optimize_complex,Hotpot optimize_complex,ligand,True,passed,True,7.198775252327323,,,
53,CCOP(=O)(c1ccccc1)c1ccc2ccc3ccc(P(=O)(OCC)c4ccccc4)nc3c2n1,hotpot_optimize_complex,Hotpot optimize_complex,complex,True,passed,True,11.064432011917233,,,
54,C[C@H](CC(C)(C)C)CP(=S)(S)C[C@H](C)CC(C)(C)C,hotpot_optimize_complex,Hotpot optimize_complex,ligand,True,passed,True,4.3093940038233995,,,
54,C[C@H](CC(C)(C)C)CP(=S)(S)C[C@H](C)CC(C)(C)C,hotpot_optimize_complex,Hotpot optimize_complex,complex,True,passed,True,4.169313760474324,,,
55,CCCCCCCCOC(=O)c1ccc2ccc3ccc(C(=O)OCCCCCCCC)nc3c2n1,hotpot_optimize_complex,Hotpot optimize_complex,ligand,True,passed,True,7.078272797167301,,,
55,CCCCCCCCOC(=O)c1ccc2ccc3ccc(C(=O)OCCCCCCCC)nc3c2n1,hotpot_optimize_complex,Hotpot optimize_complex,complex,True,passed,True,7.357605269178748,,,
56,O=C(c1ccccc1)c1ccc2ccc3ccc(C(=O)c4ccccc4)nc3c2n1,hotpot_optimize_complex,Hotpot optimize_complex,ligand,True,passed,True,4.838123075664043,,,
56,O=C(c1ccccc1)c1ccc2ccc3ccc(C(=O)c4ccccc4)nc3c2n1,hotpot_optimize_complex,Hotpot optimize_complex,complex,True,passed,True,5.928027357906103,,,
57,CCCCCCCCCCNC(=O)c1ccc2ccc3ccc(C(=O)NCCCCCCCCCC)nc3c2n1,hotpot_optimize_complex,Hotpot optimize_complex,ligand,True,passed,True,8.263363445177674,,,
57,CCCCCCCCCCNC(=O)c1ccc2ccc3ccc(C(=O)NCCCCCCCCCC)nc3c2n1,hotpot_optimize_complex,Hotpot optimize_complex,complex,True,passed,True,17.1002369299531,,,
58,O=C(C1=Nc2c(ccc3ccc(C(=O)N4CCCC4)nc23)CC1)N1CCCC1,hotpot_optimize_complex,Hotpot optimize_complex,ligand,True,passed,True,5.741511868312955,,,
58,O=C(C1=Nc2c(ccc3ccc(C(=O)N4CCCC4)nc23)CC1)N1CCCC1,hotpot_optimize_complex,Hotpot optimize_complex,complex,True,passed,True,5.136162847280502,,,
59,CCCCn1cc[n+](CCNC(=O)c2ccc3ccc4ccc(C(=O)NCC[n+]5ccn(CCCC)c5)nc4c3n2)c1.N,hotpot_optimize_complex,Hotpot optimize_complex,ligand,True,passed,True,5.75186363235116,,,
59,CCCCn1cc[n+](CCNC(=O)c2ccc3ccc4ccc(C(=O)NCC[n+]5ccn(CCCC)c5)nc4c3n2)c1.N,hotpot_optimize_complex,Hotpot optimize_complex,complex,True,passed,True,15.706674819812179,,,
60,CCCCn1cc[n+](CCNC(=O)c2ccc3ccc4ccc(C(=O)NCC[n+]5ccn(CCCC)c5C)nc4c3n2)c1C.N,hotpot_optimize_complex,Hotpot optimize_complex,ligand,True,passed,True,8.011861989274621,,,
60,CCCCn1cc[n+](CCNC(=O)c2ccc3ccc4ccc(C(=O)NCC[n+]5ccn(CCCC)c5C)nc4c3n2)c1C.N,hotpot_optimize_complex,Hotpot optimize_complex,complex,True,passed,True,18.486355766654015,,,
61,CCCCn1cc[n+](CCNC(=O)c2ccc3ccc4c(c3n2)NC(C(=O)NCC[n+]2ccn(CCCC)c2C)C=C4)c1C,hotpot_optimize_complex,Hotpot optimize_complex,ligand,True,passed,True,6.981059165671468,,,
61,CCCCn1cc[n+](CCNC(=O)c2ccc3ccc4c(c3n2)NC(C(=O)NCC[n+]2ccn(CCCC)c2C)C=C4)c1C,hotpot_optimize_complex,Hotpot optimize_complex,complex,True,failed_quality,False,19.37149415165186,short_bond;bond_length_ratio;short_bond;bond_length_ratio,,
62,O=C1c2cc(Cl)c3ccc4c(Cl)cc(nc4c3n2)C(=O)N2CCN(CC2)C(=O)c2cc(Cl)c3ccc4c(Cl)cc(nc4c3n2)C(=O)N2CCN1CC2,hotpot_optimize_complex,Hotpot optimize_complex,ligand,True,passed,True,8.525691274553537,,,
62,O=C1c2cc(Cl)c3ccc4c(Cl)cc(nc4c3n2)C(=O)N2CCN(CC2)C(=O)c2cc(Cl)c3ccc4c(Cl)cc(nc4c3n2)C(=O)N2CCN1CC2,hotpot_optimize_complex,Hotpot optimize_complex,complex,True,passed,True,17.50803144276142,,,
63,O=C(NC(CO)(CO)CO)C1=NC2C(=CC1)C=Cc1ccc(C(=O)NC(CO)(CO)CO)nc12,hotpot_optimize_complex,Hotpot optimize_complex,ligand,True,passed,True,7.768634224310517,,,
63,O=C(NC(CO)(CO)CO)C1=NC2C(=CC1)C=Cc1ccc(C(=O)NC(CO)(CO)CO)nc12,hotpot_optimize_complex,Hotpot optimize_complex,complex,True,passed,True,7.002520449459553,,,
64,c1cnc2c(c1)ccc1cccnc12,hotpot_optimize_complex,Hotpot optimize_complex,ligand,True,passed,True,1.3153792433440685,,,
64,c1cnc2c(c1)ccc1cccnc12,hotpot_optimize_complex,Hotpot optimize_complex,complex,True,passed,True,1.4230256024748087,,,
65,c1ccc(-c2ccc3ccc4ccc(-c5ccccn5)nc4c3n2)nc1,hotpot_optimize_complex,Hotpot optimize_complex,ligand,True,passed,True,3.420085998252034,,,
65,c1ccc(-c2ccc3ccc4ccc(-c5ccccn5)nc4c3n2)nc1,hotpot_optimize_complex,Hotpot optimize_complex,complex,True,passed,True,4.109678935259581,,,
66,c1ccc(-c2ccccn2)nc1,hotpot_optimize_complex,Hotpot optimize_complex,ligand,True,passed,True,1.5714797656983137,,,
66,c1ccc(-c2ccccn2)nc1,hotpot_optimize_complex,Hotpot optimize_complex,complex,True,passed,True,1.6656965296715498,,,
67,Cc1ccc2ccc3ccc(C)nc3c2n1,hotpot_optimize_complex,Hotpot optimize_complex,ligand,True,passed,True,1.646296938881278,,,
67,Cc1ccc2ccc3ccc(C)nc3c2n1,hotpot_optimize_complex,Hotpot optimize_complex,complex,True,passed,True,1.9122222866863012,,,
68,c1ccc(CN2CC3CC(C2)CN(Cc2ccccn2)C3)nc1,hotpot_optimize_complex,Hotpot optimize_complex,ligand,True,failed_quality,False,4.387054789811373,bond_length_ratio;bond_ring_piercing,,
68,c1ccc(CN2CC3CC(C2)CN(Cc2ccccn2)C3)nc1,hotpot_optimize_complex,Hotpot optimize_complex,complex,True,passed,True,4.892545118927956,,,
69,c1ccc2c(CNCCN3CCNCc4ccc5ccc6ccc(nc6c5n4)CNCC3)c3ccccc3cc2c1,hotpot_optimize_complex,Hotpot optimize_complex,ligand,True,passed,True,10.803654216229916,,,
69,c1ccc2c(CNCCN3CCNCc4ccc5ccc6ccc(nc6c5n4)CNCC3)c3ccccc3cc2c1,hotpot_optimize_complex,Hotpot optimize_complex,complex,True,passed,True,18.019002245739102,,,
70,c1ccc2c(CNCCN3CCNCc4ccc5ccc6ccc(nc6c5n4)CNCCN(CCNCc4cccc5ccccc45)CCNCc4ccc5ccc6ccc(nc6c5n4)CNCC3)cccc2c1,hotpot_optimize_complex,Hotpot optimize_complex,ligand,True,passed,True,20.525355856865644,,,
70,c1ccc2c(CNCCN3CCNCc4ccc5ccc6ccc(nc6c5n4)CNCCN(CCNCc4cccc5ccccc45)CCNCc4ccc5ccc6ccc(nc6c5n4)CNCC3)cccc2c1,hotpot_optimize_complex,Hotpot optimize_complex,complex,True,passed,True,40.025652477517724,,,
71,CCNCCNCc1ccc2ccc3ccc(CNCCNCC)nc3c2n1,hotpot_optimize_complex,Hotpot optimize_complex,ligand,True,passed,True,7.5733608435839415,,,
71,CCNCCNCc1ccc2ccc3ccc(CNCCNCC)nc3c2n1,hotpot_optimize_complex,Hotpot optimize_complex,complex,True,passed,True,10.728169219568372,,,
72,c1ccc(CNCc2ccc3ccc4ccc(CNCc5ccccn5)nc4c3n2)nc1,hotpot_optimize_complex,Hotpot optimize_complex,ligand,True,passed,True,6.347915291786194,,,
72,c1ccc(CNCc2ccc3ccc4ccc(CNCc5ccccn5)nc4c3n2)nc1,hotpot_optimize_complex,Hotpot optimize_complex,complex,True,passed,True,10.950245475396514,,,
73,CCNCc1ccc2ccc3ccc(CNCC)nc3c2n1,hotpot_optimize_complex,Hotpot optimize_complex,ligand,True,passed,True,5.476174786686897,,,
73,CCNCc1ccc2ccc3ccc(CNCC)nc3c2n1,hotpot_optimize_complex,Hotpot optimize_complex,complex,True,passed,True,5.639883704483509,,,
74,c1ccc(NCCNCc2ccc3ccc4ccc(CNCCNc5ccccc5)nc4c3n2)cc1,hotpot_optimize_complex,Hotpot optimize_complex,ligand,True,passed,True,5.763333380222321,,,
74,c1ccc(NCCNCc2ccc3ccc4ccc(CNCCNc5ccccc5)nc4c3n2)cc1,hotpot_optimize_complex,Hotpot optimize_complex,complex,True,passed,True,14.97779600135982,,,
75,CC(C)C(NCc1ccc2ccc3ccc(CNC(C(=O)O)C(C)C)nc3c2n1)C(=O)O,hotpot_optimize_complex,Hotpot optimize_complex,ligand,True,passed,True,7.938104718923569,,,
75,CC(C)C(NCc1ccc2ccc3ccc(CNC(C(=O)O)C(C)C)nc3c2n1)C(=O)O,hotpot_optimize_complex,Hotpot optimize_complex,complex,True,passed,True,7.835464805364609,,,
76,O=C(O)C(Cc1ccccc1)NCc1ccc2ccc3cccnc3c2n1,hotpot_optimize_complex,Hotpot optimize_complex,ligand,True,passed,True,2.912925712764263,,,
76,O=C(O)C(Cc1ccccc1)NCc1ccc2ccc3cccnc3c2n1,hotpot_optimize_complex,Hotpot optimize_complex,complex,True,passed,True,9.379009984433651,,,
77,O=C(O)C(Cc1ccc(O)cc1)NCc1ccc2ccc3cccnc3c2n1,hotpot_optimize_complex,Hotpot optimize_complex,ligand,True,passed,True,6.1533469539135695,,,
77,O=C(O)C(Cc1ccc(O)cc1)NCc1ccc2ccc3cccnc3c2n1,hotpot_optimize_complex,Hotpot optimize_complex,complex,True,passed,True,8.319775395095348,,,
78,c1cnc2c(c1)ccc1cc3ccc4cccnc4c3nc12,hotpot_optimize_complex,Hotpot optimize_complex,ligand,True,passed,True,1.8239634931087494,,,
78,c1cnc2c(c1)ccc1cc3ccc4cccnc4c3nc12,hotpot_optimize_complex,Hotpot optimize_complex,complex,True,passed,True,2.4139607306569815,,,
79,Cc1ccc2ccc3cccnc3c2n1,hotpot_optimize_complex,Hotpot optimize_complex,ligand,True,passed,True,1.440126234665513,,,
79,Cc1ccc2ccc3cccnc3c2n1,hotpot_optimize_complex,Hotpot optimize_complex,complex,True,passed,True,1.5799660682678223,,,
80,Cc1cc2cccnc2c2ncccc12,hotpot_optimize_complex,Hotpot optimize_complex,ligand,True,passed,True,1.457716979086399,,,
80,Cc1cc2cccnc2c2ncccc12,hotpot_optimize_complex,Hotpot optimize_complex,complex,True,passed,True,1.652622701600194,,,
81,CC1(C)C=CN=C(c2ccccn2)C1,hotpot_optimize_complex,Hotpot optimize_complex,ligand,True,passed,True,2.2048623133450747,,,
81,CC1(C)C=CN=C(c2ccccn2)C1,hotpot_optimize_complex,Hotpot optimize_complex,complex,True,passed,True,2.533021690323949,,,
82,NCCN(CCN)Cc1ccc2ccc3ccc(CN(CCN)CCN)nc3c2n1,hotpot_optimize_complex,Hotpot optimize_complex,ligand,True,passed,True,7.274950826540589,,,
82,NCCN(CCN)Cc1ccc2ccc3ccc(CN(CCN)CCN)nc3c2n1,hotpot_optimize_complex,Hotpot optimize_complex,complex,True,passed,True,7.253394631668925,,,
83,c1cc2ccc3ccc4nc3c2nc1CNCCNCCNCCNCCNC4,hotpot_optimize_complex,Hotpot optimize_complex,ligand,True,passed,True,7.540952291339636,,,
83,c1cc2ccc3ccc4nc3c2nc1CNCCNCCNCCNCCNC4,hotpot_optimize_complex,Hotpot optimize_complex,complex,True,passed,True,14.148383632302284,,,
84,CN1CCN2CCN(CC2)Cc2ccc3ccc4ccc(nc4c3n2)CN2CCN(CC1)CC2,hotpot_optimize_complex,Hotpot optimize_complex,ligand,True,failed_quality,False,5.658684380352497,bond_length_ratio;bond_ring_piercing,,
84,CN1CCN2CCN(CC2)Cc2ccc3ccc4ccc(nc4c3n2)CN2CCN(CC1)CC2,hotpot_optimize_complex,Hotpot optimize_complex,complex,True,passed,True,8.9683966524899,,,
85,c1cc2ccc3ccc4nc3c2nc1CNCCNCCNC4,hotpot_optimize_complex,Hotpot optimize_complex,ligand,True,passed,True,5.8411956541240215,,,
85,c1cc2ccc3ccc4nc3c2nc1CNCCNCCNC4,hotpot_optimize_complex,Hotpot optimize_complex,complex,True,passed,True,4.995071602985263,,,
86,c1cc2ccc3ccc4nc3c2nc1CNCCNCCNCCNC4,hotpot_optimize_complex,Hotpot optimize_complex,ligand,True,passed,True,6.981732461601496,,,
86,c1cc2ccc3ccc4nc3c2nc1CNCCNCCNCCNC4,hotpot_optimize_complex,Hotpot optimize_complex,complex,True,passed,True,9.41871564462781,,,
87,NCc1cccc(-c2cccc(CN)n2)n1,hotpot_optimize_complex,Hotpot optimize_complex,ligand,True,passed,True,4.074510335922241,,,
87,NCc1cccc(-c2cccc(CN)n2)n1,hotpot_optimize_complex,Hotpot optimize_complex,complex,True,passed,True,2.931827934458852,,,
88,CN(CCN(C)Cc1ccccn1)Cc1ccccn1,hotpot_optimize_complex,Hotpot optimize_complex,ligand,True,passed,True,5.3181491289287806,,,
88,CN(CCN(C)Cc1ccccn1)Cc1ccccn1,hotpot_optimize_complex,Hotpot optimize_complex,complex,True,passed,True,7.246518546715379,,,
89,CC(C)(C)c1cc2c(O)c(c1)Cc1cc(C(C)(C)C)cc3c1OCc1ccc4ccc5ccc(nc5c4n1)COc1c(cc(C(C)(C)C)cc1-c1cc(C(C)(C)C)cc(c1O)C2)Cc1cccc(c1O)Cc1cccc(c1O)C3,hotpot_optimize_complex,Hotpot optimize_complex,ligand,True,failed_quality,False,21.019232396036386,bond_length_ratio;bond_ring_piercing,,
89,CC(C)(C)c1cc2c(O)c(c1)Cc1cc(C(C)(C)C)cc3c1OCc1ccc4ccc5ccc(nc5c4n1)COc1c(cc(C(C)(C)C)cc1-c1cc(C(C)(C)C)cc(c1O)C2)Cc1cccc(c1O)Cc1cccc(c1O)C3,hotpot_optimize_complex,Hotpot optimize_complex,complex,True,passed,True,39.58755169250071,,,
90,CC1(C)CCC(C)(C)c2nc(-c3cccc(-c4cccc(-c5nnc6c(n5)C(C)(C)CCC6(C)C)n4)n3)nnc21,hotpot_optimize_complex,Hotpot optimize_complex,ligand,True,passed,True,9.888192757964134,,,
90,CC1(C)CCC(C)(C)c2nc(-c3cccc(-c4cccc(-c5nnc6c(n5)C(C)(C)CCC6(C)C)n4)n3)nnc21,hotpot_optimize_complex,Hotpot optimize_complex,complex,True,passed,True,14.01061455346644,,,
91,CCCCCc1nnc(-c2cccc(-c3ccccn3)n2)nc1CCCCC,hotpot_optimize_complex,Hotpot optimize_complex,ligand,True,passed,True,4.5648950058966875,,,
91,CCCCCc1nnc(-c2cccc(-c3ccccn3)n2)nc1CCCCC,hotpot_optimize_complex,Hotpot optimize_complex,complex,True,passed,True,7.2047715075314045,,,
92,CCCCCc1nnc(-c2cccc(-c3cccc(-c4nnc(CCCCC)c(CCCCC)n4)n3)n2)nc1CCCCC,hotpot_optimize_complex,Hotpot optimize_complex,ligand,True,passed,True,11.676930652931333,,,
92,CCCCCc1nnc(-c2cccc(-c3cccc(-c4nnc(CCCCC)c(CCCCC)n4)n3)n2)nc1CCCCC,hotpot_optimize_complex,Hotpot optimize_complex,complex,True,passed,True,16.853479266166687,,,
93,CCN(CC)C(=O)c1cccc(-c2cccc(-c3cccc(C(=O)N(CC)CC)n3)n2)n1,hotpot_optimize_complex,Hotpot optimize_complex,ligand,True,passed,True,6.928629640489817,,,
93,CCN(CC)C(=O)c1cccc(-c2cccc(-c3cccc(C(=O)N(CC)CC)n3)n2)n1,hotpot_optimize_complex,Hotpot optimize_complex,complex,True,passed,True,6.151708830147982,,,
94,CCN(C(=O)c1cccc(-c2cccc(-c3cccc(C(=O)N(CC)c4ccccc4)n3)n2)n1)c1ccccc1,hotpot_optimize_complex,Hotpot optimize_complex,ligand,True,passed,True,8.5032127648592,,,
94,CCN(C(=O)c1cccc(-c2cccc(-c3cccc(C(=O)N(CC)c4ccccc4)n3)n2)n1)c1ccccc1,hotpot_optimize_complex,Hotpot optimize_complex,complex,True,passed,True,13.31802555732429,,,
95,c1cc(-c2nccnn2)nc(-c2nccnn2)c1,hotpot_optimize_complex,Hotpot optimize_complex,ligand,True,passed,True,1.5849374309182167,,,
95,c1cc(-c2nccnn2)nc(-c2nccnn2)c1,hotpot_optimize_complex,Hotpot optimize_complex,complex,True,passed,True,1.994950044900179,,,
96,Nc1cc(-c2nccnn2)nc(-c2nccnn2)c1,hotpot_optimize_complex,Hotpot optimize_complex,ligand,True,passed,True,1.6227839477360249,,,
96,Nc1cc(-c2nccnn2)nc(-c2nccnn2)c1,hotpot_optimize_complex,Hotpot optimize_complex,complex,True,passed,True,2.3446990475058556,,,
97,c1ccc(-c2ccnc(-c3ccccn3)n2)nc1,hotpot_optimize_complex,Hotpot optimize_complex,ligand,True,passed,True,2.0349362529814243,,,
97,c1ccc(-c2ccnc(-c3ccccn3)n2)nc1,hotpot_optimize_complex,Hotpot optimize_complex,complex,True,passed,True,2.584162775427103,,,
98,c1cc(-c2nc3ccccc3[nH]2)nc(-c2nc3ccccc3[nH]2)c1,hotpot_optimize_complex,Hotpot optimize_complex,ligand,True,passed,True,2.866369351744652,,,
98,c1cc(-c2nc3ccccc3[nH]2)nc(-c2nc3ccccc3[nH]2)c1,hotpot_optimize_complex,Hotpot optimize_complex,complex,True,passed,True,6.238020952790976,,,
99,Cc1nnc(-c2cccc(-c3nnc(C)c(C)n3)n2)nc1C,hotpot_optimize_complex,Hotpot optimize_complex,ligand,True,passed,True,2.658635750412941,,,
99,Cc1nnc(-c2cccc(-c3nnc(C)c(C)n3)n2)nc1C,hotpot_optimize_complex,Hotpot optimize_complex,complex,True,passed,True,4.753655511885881,,,
100,c1ccc2nc(-c3ccc4ccc5ccc(-c6ncc7ccccc7n6)nc5c4n3)ncc2c1,hotpot_optimize_complex,Hotpot optimize_complex,ligand,True,passed,True,4.90159865655005,,,
100,c1ccc2nc(-c3ccc4ccc5ccc(-c6ncc7ccccc7n6)nc5c4n3)ncc2c1,hotpot_optimize_complex,Hotpot optimize_complex,complex,True,passed,True,6.952049678191543,,,
101,CCCc1nnc(-c2cccc(-c3nnc(CCC)nn3)n2)nn1,hotpot_optimize_complex,Hotpot optimize_complex,ligand,True,passed,True,3.3201095685362816,,,
101,CCCc1nnc(-c2cccc(-c3nnc(CCC)nn3)n2)nn1,hotpot_optimize_complex,Hotpot optimize_complex,complex,True,passed,True,8.545191995799541,,,
102,CCc1ccc(-c2cccc(-c3ccc(CC)nn3)n2)nn1,hotpot_optimize_complex,Hotpot optimize_complex,ligand,True,passed,True,2.779549175873399,,,
102,CCc1ccc(-c2cccc(-c3ccc(CC)nn3)n2)nn1,hotpot_optimize_complex,Hotpot optimize_complex,complex,True,passed,True,4.245000094175339,,,
103,Clc1cc2cccnc2c2ncccc12,hotpot_optimize_complex,Hotpot optimize_complex,ligand,True,passed,True,1.4279257506132126,,,
103,Clc1cc2cccnc2c2ncccc12,hotpot_optimize_complex,Hotpot optimize_complex,complex,True,passed,True,1.563019199296832,,,
104,Cc1c(C)c2cccnc2c2ncccc12,hotpot_optimize_complex,Hotpot optimize_complex,ligand,True,passed,True,1.60725437104702,,,
104,Cc1c(C)c2cccnc2c2ncccc12,hotpot_optimize_complex,Hotpot optimize_complex,complex,True,passed,True,1.8184318132698536,,,
105,Clc1ccc2ccc3cccnc3c2n1,hotpot_optimize_complex,Hotpot optimize_complex,ligand,True,passed,True,1.3757415935397148,,,
105,Clc1ccc2ccc3cccnc3c2n1,hotpot_optimize_complex,Hotpot optimize_complex,complex,True,passed,True,1.5869632102549076,,,
106,CCc1nnc(-c2cccc(-c3nnc(CC)c(CC)n3)n2)nc1CC,hotpot_optimize_complex,Hotpot optimize_complex,ligand,True,passed,True,4.715614223852754,,,
106,CCc1nnc(-c2cccc(-c3nnc(CC)c(CC)n3)n2)nc1CC,hotpot_optimize_complex,Hotpot optimize_complex,complex,True,passed,True,4.9062640350311995,,,
107,Nc1nc(-c2ccccn2)nc(-c2ccccn2)n1,hotpot_optimize_complex,Hotpot optimize_complex,ligand,True,passed,True,1.8971516732126474,,,
107,Nc1nc(-c2ccccn2)nc(-c2ccccn2)n1,hotpot_optimize_complex,Hotpot optimize_complex,complex,True,passed,True,2.9985464327037334,,,
108,O=S(=O)(O)c1ccccc1-c1nnc(-c2cccc(-c3nnc(-c4ccccc4S(=O)(=O)O)c(-c4ccccc4S(=O)(=O)O)n3)n2)nc1-c1ccccc1S(=O)(=O)O,hotpot_optimize_complex,Hotpot optimize_complex,ligand,True,passed,True,10.218977039679885,,,
108,O=S(=O)(O)c1ccccc1-c1nnc(-c2cccc(-c3nnc(-c4ccccc4S(=O)(=O)O)c(-c4ccccc4S(=O)(=O)O)n3)n2)nc1-c1ccccc1S(=O)(=O)O,hotpot_optimize_complex,Hotpot optimize_complex,complex,True,passed,True,10.982468167319894,,,
109,c1ccc2nc(-c3ccc4ccccc4n3)ccc2c1,hotpot_optimize_complex,Hotpot optimize_complex,ligand,True,passed,True,2.197738280519843,,,
109,c1ccc2nc(-c3ccc4ccccc4n3)ccc2c1,hotpot_optimize_complex,Hotpot optimize_complex,complex,True,passed,True,2.898796807974577,,,
110,c1ccc(-c2ccc3ccc4cccnc4c3n2)nc1,hotpot_optimize_complex,Hotpot optimize_complex,ligand,True,passed,True,2.345858793705702,,,
110,c1ccc(-c2ccc3ccc4cccnc4c3n2)nc1,hotpot_optimize_complex,Hotpot optimize_complex,complex,True,passed,True,2.7138451281934977,,,
111,c1ccc(-c2cccc(-c3cccc(-c4ccccn4)n3)n2)nc1,hotpot_optimize_complex,Hotpot optimize_complex,ligand,True,passed,True,3.935162467882037,,,
111,c1ccc(-c2cccc(-c3cccc(-c4ccccn4)n3)n2)nc1,hotpot_optimize_complex,Hotpot optimize_complex,complex,True,passed,True,3.8446914460510015,,,
112,CC(C)(C)c1ccnc(-c2cc(C(C)(C)C)cc(-c3cc(C(C)(C)C)ccn3)n2)c1,hotpot_optimize_complex,Hotpot optimize_complex,ligand,True,passed,True,5.023293549194932,,,
112,CC(C)(C)c1ccnc(-c2cc(C(C)(C)C)cc(-c3cc(C(C)(C)C)ccn3)n2)c1,hotpot_optimize_complex,Hotpot optimize_complex,complex,True,passed,True,7.142256224527955,,,
113,Cn1c(-c2cccc(-c3nc4ccccc4n3C)n2)nc2ccccc21,hotpot_optimize_complex,Hotpot optimize_complex,ligand,True,passed,True,3.801675423979759,,,
113,Cn1c(-c2cccc(-c3nc4ccccc4n3C)n2)nc2ccccc21,hotpot_optimize_complex,Hotpot optimize_complex,complex,True,passed,True,4.038226718083024,,,
114,CCC(C)Cn1c(-c2cccc(-c3nc4ccccc4n3CC(C)CC)n2)nc2ccccc21,hotpot_optimize_complex,Hotpot optimize_complex,ligand,True,passed,True,7.181954691186547,,,
114,CCC(C)Cn1c(-c2cccc(-c3nc4ccccc4n3CC(C)CC)n2)nc2ccccc21,hotpot_optimize_complex,Hotpot optimize_complex,complex,True,passed,True,13.096473040059209,,,
115,CCC(C)COC(=O)c1cc(-c2nc3ccccc3n2C)nc(-c2nc3ccccc3n2C)c1,hotpot_optimize_complex,Hotpot optimize_complex,ligand,True,passed,True,7.44733732752502,,,
115,CCC(C)COC(=O)c1cc(-c2nc3ccccc3n2C)nc(-c2nc3ccccc3n2C)c1,hotpot_optimize_complex,Hotpot optimize_complex,complex,True,passed,True,8.403459969907999,,,
116,CCN(C(=O)c1cc(F)c2ccc3c(F)cc(C(=O)N(CC)c4ccc(C)cc4)nc3c2n1)c1ccc(C)cc1,hotpot_optimize_complex,Hotpot optimize_complex,ligand,True,passed,True,6.6991130989044905,,,
116,CCN(C(=O)c1cc(F)c2ccc3c(F)cc(C(=O)N(CC)c4ccc(C)cc4)nc3c2n1)c1ccc(C)cc1,hotpot_optimize_complex,Hotpot optimize_complex,complex,True,passed,True,8.604834580793977,,,
117,CCN(C(=O)c1cc(F)c2ccc3c(=O)cc(C(=O)N(CC)c4ccc(C)cc4)[nH]c3c2n1)c1ccc(C)cc1,hotpot_optimize_complex,Hotpot optimize_complex,ligand,True,passed,True,6.750550802797079,,,
117,CCN(C(=O)c1cc(F)c2ccc3c(=O)cc(C(=O)N(CC)c4ccc(C)cc4)[nH]c3c2n1)c1ccc(C)cc1,hotpot_optimize_complex,Hotpot optimize_complex,complex,True,passed,True,14.576701406389475,,,
118,O=C(c1cccc(-c2cccc(C(=O)N3CCCC3)n2)n1)N1CCCC1,hotpot_optimize_complex,Hotpot optimize_complex,ligand,True,passed,True,6.260939959436655,,,
118,O=C(c1cccc(-c2cccc(C(=O)N3CCCC3)n2)n1)N1CCCC1,hotpot_optimize_complex,Hotpot optimize_complex,complex,True,passed,True,6.59076401591301,,,
119,O=C(c1ccc2ccc3ccc(C(=O)N4CCCC4)nc3c2n1)N1CCCC1,hotpot_optimize_complex,Hotpot optimize_complex,ligand,True,passed,True,4.84934389591217,,,
119,O=C(c1ccc2ccc3ccc(C(=O)N4CCCC4)nc3c2n1)N1CCCC1,hotpot_optimize_complex,Hotpot optimize_complex,complex,True,passed,True,7.681326931342483,,,
120,CN(C)C(=O)c1cccc(-c2cccc(C(=O)N(C)C)n2)n1,hotpot_optimize_complex,Hotpot optimize_complex,ligand,True,passed,True,3.33042224124074,,,
120,CN(C)C(=O)c1cccc(-c2cccc(C(=O)N(C)C)n2)n1,hotpot_optimize_complex,Hotpot optimize_complex,complex,True,passed,True,3.6201593708246946,,,
121,CN(C)C(=O)c1ccc2ccc3ccc(C(=O)N(C)C)nc3c2n1,hotpot_optimize_complex,Hotpot optimize_complex,ligand,True,passed,True,2.7418558411300182,,,
121,CN(C)C(=O)c1ccc2ccc3ccc(C(=O)N(C)C)nc3c2n1,hotpot_optimize_complex,Hotpot optimize_complex,complex,True,passed,True,4.234912224113941,,,
122,O=C(O)CNCCNCC(=O)O,hotpot_optimize_complex,Hotpot optimize_complex,ligand,True,passed,True,2.960639325901866,,,
122,O=C(O)CNCCNCC(=O)O,hotpot_optimize_complex,Hotpot optimize_complex,complex,True,passed,True,4.7041719648987055,,,
123,c1cnc2c(c1)ccc1ccc(-c3ccc4ccc5cccnc5c4n3)nc12,hotpot_optimize_complex,Hotpot optimize_complex,ligand,True,passed,True,4.152607934549451,,,
123,c1cnc2c(c1)ccc1ccc(-c3ccc4ccc5cccnc5c4n3)nc12,hotpot_optimize_complex,Hotpot optimize_complex,complex,True,passed,True,7.2751733828336,,,
124,c1cnc2c(c1)ccc1cc3c(nc12)-c1nc2c(ccc4cccnc42)cc1CC3,hotpot_optimize_complex,Hotpot optimize_complex,ligand,True,failed_quality,False,6.919908532872796,atom_too_close;short_bond;bond_length_ratio;short_bond;bond_length_ratio;bond_length_ratio;bond_length_ratio;short_bond;bond_length_ratio;bond_length_ratio,,
124,c1cnc2c(c1)ccc1cc3c(nc12)-c1nc2c(ccc4cccnc42)cc1CC3,hotpot_optimize_complex,Hotpot optimize_complex,complex,True,passed,True,5.641160620376468,,,
125,CCCCCCCCN(C(=O)c1ccc2ccc3cccnc3c2n1)c1ccc(C)cc1,hotpot_optimize_complex,Hotpot optimize_complex,ligand,True,passed,True,3.986683025956154,,,
125,CCCCCCCCN(C(=O)c1ccc2ccc3cccnc3c2n1)c1ccc(C)cc1,hotpot_optimize_complex,Hotpot optimize_complex,complex,True,passed,True,8.598199632018805,,,
126,CCCCCc1nnc(-c2ccc3ccc4ccc(-c5nnc(CCCCC)c(CCCCC)n5)nc4c3n2)nc1CCCCC,hotpot_optimize_complex,Hotpot optimize_complex,ligand,True,passed,True,10.1772521417588,,,
126,CCCCCc1nnc(-c2ccc3ccc4ccc(-c5nnc(CCCCC)c(CCCCC)n5)nc4c3n2)nc1CCCCC,hotpot_optimize_complex,Hotpot optimize_complex,complex,True,passed,True,18.98899375088513,,,
127,CCCCCc1nnc(-c2ccc3cc(Br)c4ccc(-c5nnc(CCCCC)c(CCCCC)n5)nc4c3n2)nc1CCCCC,hotpot_optimize_complex,Hotpot optimize_complex,ligand,True,passed,True,11.649860303848982,,,
127,CCCCCc1nnc(-c2ccc3cc(Br)c4ccc(-c5nnc(CCCCC)c(CCCCC)n5)nc4c3n2)nc1CCCCC,hotpot_optimize_complex,Hotpot optimize_complex,complex,True,passed,True,13.094544449821115,,,
128,CCCCCc1nnc(-c2ccc3c(Br)c(Br)c4ccc(-c5nnc(CCCCC)c(CCCCC)n5)nc4c3n2)nc1CCCCC,hotpot_optimize_complex,Hotpot optimize_complex,ligand,True,passed,True,11.00600903853774,,,
128,CCCCCc1nnc(-c2ccc3c(Br)c(Br)c4ccc(-c5nnc(CCCCC)c(CCCCC)n5)nc4c3n2)nc1CCCCC,hotpot_optimize_complex,Hotpot optimize_complex,complex,True,passed,True,14.402464114129543,,,
129,CCCc1nnc(-c2cc(Cl)cc(-c3nnc(CCC)c(CCC)n3)n2)nc1CCC,hotpot_optimize_complex,Hotpot optimize_complex,ligand,True,passed,True,6.345791216939688,,,
129,CCCc1nnc(-c2cc(Cl)cc(-c3nnc(CCC)c(CCC)n3)n2)nc1CCC,hotpot_optimize_complex,Hotpot optimize_complex,complex,True,passed,True,9.694472955539823,,,
130,Clc1nnc(-c2cccc(-c3nnc(Cl)c(Cl)n3)n2)nc1Cl,hotpot_optimize_complex,Hotpot optimize_complex,ligand,True,passed,True,1.783280709758401,,,
130,Clc1nnc(-c2cccc(-c3nnc(Cl)c(Cl)n3)n2)nc1Cl,hotpot_optimize_complex,Hotpot optimize_complex,complex,True,passed,True,2.477976268157363,,,
131,CC12CCC(c3nnc(-c4cccc(-c5nnc6c(n5)C5(C)CCC6C5(C)C)n4)nc31)C2(C)C,hotpot_optimize_complex,Hotpot optimize_complex,ligand,True,passed,True,8.115767534822226,,,
131,CC12CCC(c3nnc(-c4cccc(-c5nnc6c(n5)C5(C)CCC6C5(C)C)n4)nc31)C2(C)C,hotpot_optimize_complex,Hotpot optimize_complex,complex,True,passed,True,10.04536034539342,,,
132,CCc1nnc(-c2cccc(-c3cccc(-c4nnc(CC)c(CC)n4)n3)n2)nc1CC,hotpot_optimize_complex,Hotpot optimize_complex,ligand,True,passed,True,6.603812946006656,,,
132,CCc1nnc(-c2cccc(-c3cccc(-c4nnc(CC)c(CC)n4)n3)n2)nc1CC,hotpot_optimize_complex,Hotpot optimize_complex,complex,True,passed,True,7.780628349632025,,,
133,CCCCCCCCN(CCCCCCCC)C(=O)COCC(=O)N(CCCCCCCC)CCCCCCCC,hotpot_optimize_complex,Hotpot optimize_complex,ligand,True,passed,True,8.612905150279403,,,
133,CCCCCCCCN(CCCCCCCC)C(=O)COCC(=O)N(CCCCCCCC)CCCCCCCC,hotpot_optimize_complex,Hotpot optimize_complex,complex,True,passed,True,15.33741937763989,,,
134,O=S(=O)([O][Na+])c1cccc(-c2nnc(-c3cccc(-c4nnc(-c5cccc(S(=O)(=O)[O][Na+])c5)c(-c5cccc(S(=O)(=O)[O][Na+])c5)n4)n3)nc2-c2cccc(S(=O)(=O)[O][Na+])c2)c1,hotpot_optimize_complex,Hotpot optimize_complex,ligand,True,passed,True,9.90766323916614,,,
134,O=S(=O)([O][Na+])c1cccc(-c2nnc(-c3cccc(-c4nnc(-c5cccc(S(=O)(=O)[O][Na+])c5)c(-c5cccc(S(=O)(=O)[O][Na+])c5)n4)n3)nc2-c2cccc(S(=O)(=O)[O][Na+])c2)c1,hotpot_optimize_complex,Hotpot optimize_complex,complex,False,not_eligible,,,,,
135,CCCCCCCCN(CCCCCCCC)C(=S)c1ccc2ccc3ccc(C(=S)N(CCCCCCCC)CCCCCCCC)nc3c2n1,hotpot_optimize_complex,Hotpot optimize_complex,ligand,True,passed,True,13.55608381330967,,,
135,CCCCCCCCN(CCCCCCCC)C(=S)c1ccc2ccc3ccc(C(=S)N(CCCCCCCC)CCCCCCCC)nc3c2n1,hotpot_optimize_complex,Hotpot optimize_complex,complex,True,passed,True,23.05875823646784,,,
136,CCCCCCC(Br)C(=O)O,hotpot_optimize_complex,Hotpot optimize_complex,ligand,True,passed,True,1.4840190317481756,,,
136,CCCCCCC(Br)C(=O)O,hotpot_optimize_complex,Hotpot optimize_complex,complex,True,passed,True,1.883762987330556,,,
137,CC(C)CN(CC(C)C)C(=O)c1ccc2ccc3ccc(C(=O)N(CC(C)C)CC(C)C)nc3c2n1,hotpot_optimize_complex,Hotpot optimize_complex,ligand,True,passed,True,7.669031975790858,,,
137,CC(C)CN(CC(C)C)C(=O)c1ccc2ccc3ccc(C(=O)N(CC(C)C)CC(C)C)nc3c2n1,hotpot_optimize_complex,Hotpot optimize_complex,complex,True,passed,True,15.2043720446527,,,
138,O=C(Nc1ccccc1)c1ccc2ccc3ccc(C(=O)Nc4ccccc4)nc3c2n1,hotpot_optimize_complex,Hotpot optimize_complex,ligand,True,passed,True,4.236716754734516,,,
138,O=C(Nc1ccccc1)c1ccc2ccc3ccc(C(=O)Nc4ccccc4)nc3c2n1,hotpot_optimize_complex,Hotpot optimize_complex,complex,True,passed,True,9.274932099506259,,,
139,Nc1ccc(S(=O)(=O)O)cc1,hotpot_optimize_complex,Hotpot optimize_complex,ligand,True,passed,True,1.366195410490036,,,
139,Nc1ccc(S(=O)(=O)O)cc1,hotpot_optimize_complex,Hotpot optimize_complex,complex,False,not_eligible,,,,,
140,O=P(OC1CCCCC1)(OC1CCCCC1)c1ccc2ccc3ccc(P(=O)(OC4CCCCC4)OC4CCCCC4)nc3c2n1,hotpot_optimize_complex,Hotpot optimize_complex,ligand,True,passed,True,8.471553103998303,,,
140,O=P(OC1CCCCC1)(OC1CCCCC1)c1ccc2ccc3ccc(P(=O)(OC4CCCCC4)OC4CCCCC4)nc3c2n1,hotpot_optimize_complex,Hotpot optimize_complex,complex,True,passed,True,16.848208399489522,,,
141,CCCCC(Br)C(=O)O,hotpot_optimize_complex,Hotpot optimize_complex,ligand,True,passed,True,1.4694550391286612,,,
141,CCCCC(Br)C(=O)O,hotpot_optimize_complex,Hotpot optimize_complex,complex,True,passed,True,1.661245146766305,,,
142,CCN(C(=O)c1cccc(-c2cccc(C(=O)N(CC)c3ccccc3)n2)n1)c1ccccc1,hotpot_optimize_complex,Hotpot optimize_complex,ligand,True,passed,True,6.771313352510333,,,
142,CCN(C(=O)c1cccc(-c2cccc(C(=O)N(CC)c3ccccc3)n2)n1)c1ccccc1,hotpot_optimize_complex,Hotpot optimize_complex,complex,True,passed,True,6.27392634563148,,,
143,CCN(C(=O)c1cccc(-c2cccc(C(=O)N(CC)c3cccc(F)c3)n2)n1)c1cccc(F)c1,hotpot_optimize_complex,Hotpot optimize_complex,ligand,True,passed,True,7.000598266720772,,,
143,CCN(C(=O)c1cccc(-c2cccc(C(=O)N(CC)c3cccc(F)c3)n2)n1)c1cccc(F)c1,hotpot_optimize_complex,Hotpot optimize_complex,complex,True,passed,True,6.392087439075112,,,
144,CCN(C(=O)c1cccc(-c2cccc(C(=O)N(CC)c3ccc(F)cc3)n2)n1)c1ccc(F)cc1,hotpot_optimize_complex,Hotpot optimize_complex,ligand,True,passed,True,6.623664863407612,,,
144,CCN(C(=O)c1cccc(-c2cccc(C(=O)N(CC)c3ccc(F)cc3)n2)n1)c1ccc(F)cc1,hotpot_optimize_complex,Hotpot optimize_complex,complex,True,passed,True,6.5513079930096865,,,
145,CCc1ccc(N(CC)C(=O)c2cccc(-c3cccc(C(=O)N(CC)c4ccc(CC)cc4)n3)n2)cc1,hotpot_optimize_complex,Hotpot optimize_complex,ligand,True,passed,True,7.760835127905011,,,
145,CCc1ccc(N(CC)C(=O)c2cccc(-c3cccc(C(=O)N(CC)c4ccc(CC)cc4)n3)n2)cc1,hotpot_optimize_complex,Hotpot optimize_complex,complex,True,passed,True,6.227078378200531,,,
146,CCN(C(=O)c1cccc(-c2cccc(C(=O)N(CC)c3ccc(C(C)C)cc3)n2)n1)c1ccc(C(C)C)cc1,hotpot_optimize_complex,Hotpot optimize_complex,ligand,True,passed,True,7.920156991109252,,,
146,CCN(C(=O)c1cccc(-c2cccc(C(=O)N(CC)c3ccc(C(C)C)cc3)n2)n1)c1ccc(C(C)C)cc1,hotpot_optimize_complex,Hotpot optimize_complex,complex,True,passed,True,9.214289722964168,,,
147,CCN(C(=O)c1cccc(-c2cccc(C(=O)N(CC)c3ccc(C)c(C)c3)n2)n1)c1ccc(C)c(C)c1,hotpot_optimize_complex,Hotpot optimize_complex,ligand,True,passed,True,7.62838988378644,,,
147,CCN(C(=O)c1cccc(-c2cccc(C(=O)N(CC)c3ccc(C)c(C)c3)n2)n1)c1ccc(C)c(C)c1,hotpot_optimize_complex,Hotpot optimize_complex,complex,True,passed,True,7.788741817697883,,,
148,CCN(C(=O)c1cccc(-c2cccc(C(=O)N(CC)c3cc(C)ccc3C)n2)n1)c1cc(C)ccc1C,hotpot_optimize_complex,Hotpot optimize_complex,ligand,True,passed,True,8.283563742414117,,,
148,CCN(C(=O)c1cccc(-c2cccc(C(=O)N(CC)c3cc(C)ccc3C)n2)n1)c1cc(C)ccc1C,hotpot_optimize_complex,Hotpot optimize_complex,complex,True,passed,True,12.040886159986258,,,
149,CCN(C(=O)c1cccc(-c2cccc(C(=O)N(CC)c3ccccc3F)n2)n1)c1ccccc1F,hotpot_optimize_complex,Hotpot optimize_complex,ligand,True,passed,True,6.942495297640562,,,
149,CCN(C(=O)c1cccc(-c2cccc(C(=O)N(CC)c3ccccc3F)n2)n1)c1ccccc1F,hotpot_optimize_complex,Hotpot optimize_complex,complex,True,passed,True,7.271221328526735,,,
150,CCCCNC(=O)c1ccc2ccc3ccc(C(=O)NCCCC)nc3c2n1,hotpot_optimize_complex,Hotpot optimize_complex,ligand,True,passed,True,4.263747775927186,,,
150,CCCCNC(=O)c1ccc2ccc3ccc(C(=O)NCCCC)nc3c2n1,hotpot_optimize_complex,Hotpot optimize_complex,complex,True,passed,True,7.647529816254973,,,
151,CCCCCCNC(=O)c1ccc2ccc3ccc(C(=O)NCCCCCC)nc3c2n1,hotpot_optimize_complex,Hotpot optimize_complex,ligand,True,passed,True,5.777184983715415,,,
151,CCCCCCNC(=O)c1ccc2ccc3ccc(C(=O)NCCCCCC)nc3c2n1,hotpot_optimize_complex,Hotpot optimize_complex,complex,True,passed,True,11.646433366462588,,,
152,CCCCCCCCNC(=O)c1ccc2ccc3ccc(C(=O)NCCCCCCCC)nc3c2n1,hotpot_optimize_complex,Hotpot optimize_complex,ligand,True,passed,True,5.741289895027876,,,
152,CCCCCCCCNC(=O)c1ccc2ccc3ccc(C(=O)NCCCCCCCC)nc3c2n1,hotpot_optimize_complex,Hotpot optimize_complex,complex,True,passed,True,14.344983879476786,,,
153,CCc1cc(-c2ccc3ccc4ccc(C(=O)N(CC)CC)nc4c3n2)n[nH]1,hotpot_optimize_complex,Hotpot optimize_complex,ligand,True,passed,True,3.1318716425448656,,,
153,CCc1cc(-c2ccc3ccc4ccc(C(=O)N(CC)CC)nc4c3n2)n[nH]1,hotpot_optimize_complex,Hotpot optimize_complex,complex,True,passed,True,6.144293809309602,,,
154,O=C(c1ccc2ccc3ccc(-c4cc(CCCCCCO)[nH]n4)nc3c2n1)N(CCCCCCO)CCCCCCO,hotpot_optimize_complex,Hotpot optimize_complex,ligand,True,passed,True,9.099930910393596,,,
154,O=C(c1ccc2ccc3ccc(-c4cc(CCCCCCO)[nH]n4)nc3c2n1)N(CCCCCCO)CCCCCCO,hotpot_optimize_complex,Hotpot optimize_complex,complex,True,passed,True,16.099086867645383,,,
155,CC(C)N(C(=O)c1ccc2ccc3ccc(C(=O)N(C(C)C)C(C)C)nc3c2n1)C(C)C,hotpot_optimize_complex,Hotpot optimize_complex,ligand,True,passed,True,4.05343291349709,,,
155,CC(C)N(C(=O)c1ccc2ccc3ccc(C(=O)N(C(C)C)C(C)C)nc3c2n1)C(C)C,hotpot_optimize_complex,Hotpot optimize_complex,complex,True,passed,True,9.328499196097255,,,
156,CC1CCCC(C)N1C(=O)c1ccc2ccc3ccc(C(=O)N4C(C)CCCC4C)nc3c2n1,hotpot_optimize_complex,Hotpot optimize_complex,ligand,True,passed,True,6.168485628440976,,,
156,CC1CCCC(C)N1C(=O)c1ccc2ccc3ccc(C(=O)N4C(C)CCCC4C)nc3c2n1,hotpot_optimize_complex,Hotpot optimize_complex,complex,True,passed,True,10.189667873084545,,,
157,O=C(c1ccc2ccc3ccc(C(=O)N4CCOCC4)nc3c2n1)N1CCOCC1,hotpot_optimize_complex,Hotpot optimize_complex,ligand,True,passed,True,4.870128326117992,,,
157,O=C(c1ccc2ccc3ccc(C(=O)N4CCOCC4)nc3c2n1)N1CCOCC1,hotpot_optimize_complex,Hotpot optimize_complex,complex,True,passed,True,11.810855755582452,,,
158,O=C(NC1CCCCC1)c1ccc2ccc3ccc(C(=O)NC4CCCCC4)nc3c2n1,hotpot_optimize_complex,Hotpot optimize_complex,ligand,True,passed,True,7.151685617864132,,,
158,O=C(NC1CCCCC1)c1ccc2ccc3ccc(C(=O)NC4CCCCC4)nc3c2n1,hotpot_optimize_complex,Hotpot optimize_complex,complex,True,passed,True,11.072490589693189,,,
159,CCC(CC)CNC(=O)c1ccc2ccc3ccc(C(=O)NCC(CC)CC)nc3c2n1,hotpot_optimize_complex,Hotpot optimize_complex,ligand,True,passed,True,4.3996329959481955,,,
159,CCC(CC)CNC(=O)c1ccc2ccc3ccc(C(=O)NCC(CC)CC)nc3c2n1,hotpot_optimize_complex,Hotpot optimize_complex,complex,True,passed,True,12.04037320241332,,,
160,CCOC(=O)c1cccc(N(CC)C(=O)c2ccc3ccc4ccc(C(=O)N(CC)c5cccc(C(=O)OCC)c5)nc4c3n2)c1,hotpot_optimize_complex,Hotpot optimize_complex,ligand,True,passed,True,9.210622852668166,,,
160,CCOC(=O)c1cccc(N(CC)C(=O)c2ccc3ccc4ccc(C(=O)N(CC)c5cccc(C(=O)OCC)c5)nc4c3n2)c1,hotpot_optimize_complex,Hotpot optimize_complex,complex,True,passed,True,12.50950182043016,,,
161,CCCCN(C(=O)c1ccc2ccc3ccc(C(=O)N(CCCC)c4cccc(C(=O)OCC)c4)nc3c2n1)c1cccc(C(=O)OCC)c1,hotpot_optimize_complex,Hotpot optimize_complex,ligand,True,passed,True,9.57464824989438,,,
161,CCCCN(C(=O)c1ccc2ccc3ccc(C(=O)N(CCCC)c4cccc(C(=O)OCC)c4)nc3c2n1)c1cccc(C(=O)OCC)c1,hotpot_optimize_complex,Hotpot optimize_complex,complex,True,passed,True,17.30311457067728,,,
162,CCCCCCCCN(C(=O)c1ccc2ccc3ccc(C(=O)N(CCCCCCCC)c4cccc(C(=O)OCC)c4)nc3c2n1)c1cccc(C(=O)OCC)c1,hotpot_optimize_complex,Hotpot optimize_complex,ligand,True,passed,True,12.90784608758986,,,
162,CCCCCCCCN(C(=O)c1ccc2ccc3ccc(C(=O)N(CCCCCCCC)c4cccc(C(=O)OCC)c4)nc3c2n1)c1cccc(C(=O)OCC)c1,hotpot_optimize_complex,Hotpot optimize_complex,complex,True,passed,True,22.41239420324564,,,
163,CCCN(C(=O)c1ccc2ccc3ccc(C(=O)N(CCC)c4ccc(C)cc4)nc3c2n1)c1ccc(C)cc1,hotpot_optimize_complex,Hotpot optimize_complex,ligand,True,passed,True,7.371065320447087,,,
163,CCCN(C(=O)c1ccc2ccc3ccc(C(=O)N(CCC)c4ccc(C)cc4)nc3c2n1)c1ccc(C)cc1,hotpot_optimize_complex,Hotpot optimize_complex,complex,True,passed,True,11.760351030156016,,,
164,CCc1ccc(N(CC)C(=O)c2ccc3ccc4ccc(C(=O)N(CC)c5ccc(CC)cc5)nc4c3n2)cc1,hotpot_optimize_complex,Hotpot optimize_complex,ligand,True,passed,True,8.375977654010057,,,
164,CCc1ccc(N(CC)C(=O)c2ccc3ccc4ccc(C(=O)N(CC)c5ccc(CC)cc5)nc4c3n2)cc1,hotpot_optimize_complex,Hotpot optimize_complex,complex,True,passed,True,11.00530282407999,,,
165,CCCCc1ccc(N(CC)C(=O)c2ccc3ccc4ccc(C(=O)N(CC)c5ccc(CCCC)cc5)nc4c3n2)cc1,hotpot_optimize_complex,Hotpot optimize_complex,ligand,True,passed,True,10.071262910962105,,,
165,CCCCc1ccc(N(CC)C(=O)c2ccc3ccc4ccc(C(=O)N(CC)c5ccc(CCCC)cc5)nc4c3n2)cc1,hotpot_optimize_complex,Hotpot optimize_complex,complex,True,passed,True,14.685881586745381,,,
166,CCCCCCc1ccc(N(CC)C(=O)c2ccc3ccc4ccc(C(=O)N(CC)c5ccc(CCCCCC)cc5)nc4c3n2)cc1,hotpot_optimize_complex,Hotpot optimize_complex,ligand,True,passed,True,12.002984445542097,,,
166,CCCCCCc1ccc(N(CC)C(=O)c2ccc3ccc4ccc(C(=O)N(CC)c5ccc(CCCCCC)cc5)nc4c3n2)cc1,hotpot_optimize_complex,Hotpot optimize_complex,complex,True,passed,True,16.064244927838445,,,
167,CCN(C(=O)c1ccc2ccc3ccc(C(=O)N(CC)c4ccc(C(C)(C)C)cc4)nc3c2n1)c1ccc(C(C)(C)C)cc1,hotpot_optimize_complex,Hotpot optimize_complex,ligand,True,passed,True,5.291686670854688,,,
167,CCN(C(=O)c1ccc2ccc3ccc(C(=O)N(CC)c4ccc(C(C)(C)C)cc4)nc3c2n1)c1ccc(C(C)(C)C)cc1,hotpot_optimize_complex,Hotpot optimize_complex,complex,True,passed,True,13.88255051523447,,,
168,CCN(C(=O)c1ccc2ccc3ccc(C(=O)N(CC)c4ccc(C5CCCCC5)cc4)nc3c2n1)c1ccc(C2CCCCC2)cc1,hotpot_optimize_complex,Hotpot optimize_complex,ligand,True,passed,True,6.337832765653729,,,
168,CCN(C(=O)c1ccc2ccc3ccc(C(=O)N(CC)c4ccc(C5CCCCC5)cc4)nc3c2n1)c1ccc(C2CCCCC2)cc1,hotpot_optimize_complex,Hotpot optimize_complex,complex,True,passed,True,18.1403413657099,,,
169,CCN(C(=O)c1ccc2ccc3ccc(C(=O)N(CC)c4ccc5c(c4)CCCC5)nc3c2n1)c1ccc2c(c1)CCCC2,hotpot_optimize_complex,Hotpot optimize_complex,ligand,True,passed,True,6.01987562328577,,,
169,CCN(C(=O)c1ccc2ccc3ccc(C(=O)N(CC)c4ccc5c(c4)CCCC5)nc3c2n1)c1ccc2c(c1)CCCC2,hotpot_optimize_complex,Hotpot optimize_complex,complex,True,passed,True,15.281575726345181,,,
170,CCCN(C(=O)c1cc(Cl)c2ccc3c(Cl)cc(C(=O)N(CCC)c4ccc(C)cc4)nc3c2n1)c1ccc(C)cc1,hotpot_optimize_complex,Hotpot optimize_complex,ligand,True,passed,True,7.605012545362115,,,
170,CCCN(C(=O)c1cc(Cl)c2ccc3c(Cl)cc(C(=O)N(CCC)c4ccc(C)cc4)nc3c2n1)c1ccc(C)cc1,hotpot_optimize_complex,Hotpot optimize_complex,complex,True,passed,True,6.632890600711107,,,
171,CCN(C(=O)c1cc(Cl)c2ccc3c(Cl)cc(C(=O)N(CC)c4ccc(C)cc4)nc3c2n1)c1ccc(C)cc1,hotpot_optimize_complex,Hotpot optimize_complex,ligand,True,passed,True,6.421772701665759,,,
171,CCN(C(=O)c1cc(Cl)c2ccc3c(Cl)cc(C(=O)N(CC)c4ccc(C)cc4)nc3c2n1)c1ccc(C)cc1,hotpot_optimize_complex,Hotpot optimize_complex,complex,True,passed,True,7.496783517301083,,,
172,CCc1ccc(N(CC)C(=O)c2cc(Cl)c3ccc4c(Cl)cc(C(=O)N(CC)c5ccc(CC)cc5)nc4c3n2)cc1,hotpot_optimize_complex,Hotpot optimize_complex,ligand,True,passed,True,9.563542108982801,,,
172,CCc1ccc(N(CC)C(=O)c2cc(Cl)c3ccc4c(Cl)cc(C(=O)N(CC)c5ccc(CC)cc5)nc4c3n2)cc1,hotpot_optimize_complex,Hotpot optimize_complex,complex,True,passed,True,9.97648505680263,,,
173,CCCCc1ccc(N(CC)C(=O)c2cc(Cl)c3ccc4c(Cl)cc(C(=O)N(CC)c5ccc(CCCC)cc5)nc4c3n2)cc1,hotpot_optimize_complex,Hotpot optimize_complex,ligand,True,passed,True,11.03409618511796,,,
173,CCCCc1ccc(N(CC)C(=O)c2cc(Cl)c3ccc4c(Cl)cc(C(=O)N(CC)c5ccc(CCCC)cc5)nc4c3n2)cc1,hotpot_optimize_complex,Hotpot optimize_complex,complex,True,passed,True,10.9463617708534,,,
174,CCCCCCc1ccc(N(CC)C(=O)c2cc(Cl)c3ccc4c(Cl)cc(C(=O)N(CC)c5ccc(CCCCCC)cc5)nc4c3n2)cc1,hotpot_optimize_complex,Hotpot optimize_complex,ligand,True,passed,True,13.158840971067548,,,
174,CCCCCCc1ccc(N(CC)C(=O)c2cc(Cl)c3ccc4c(Cl)cc(C(=O)N(CC)c5ccc(CCCCCC)cc5)nc4c3n2)cc1,hotpot_optimize_complex,Hotpot optimize_complex,complex,True,passed,True,18.040770998224616,,,
175,CCN(C(=O)c1cc(Cl)c2ccc3c(Cl)cc(C(=O)N(CC)c4ccc(C(C)(C)C)cc4)nc3c2n1)c1ccc(C(C)(C)C)cc1,hotpot_optimize_complex,Hotpot optimize_complex,ligand,True,passed,True,9.052554981783032,,,
175,CCN(C(=O)c1cc(Cl)c2ccc3c(Cl)cc(C(=O)N(CC)c4ccc(C(C)(C)C)cc4)nc3c2n1)c1ccc(C(C)(C)C)cc1,hotpot_optimize_complex,Hotpot optimize_complex,complex,True,passed,True,12.572680236771703,,,
176,CCN(C(=O)c1cc(Cl)c2ccc3c(Cl)cc(C(=O)N(CC)c4ccc(C5CCCCC5)cc4)nc3c2n1)c1ccc(C2CCCCC2)cc1,hotpot_optimize_complex,Hotpot optimize_complex,ligand,True,passed,True,10.746854176744819,,,
176,CCN(C(=O)c1cc(Cl)c2ccc3c(Cl)cc(C(=O)N(CC)c4ccc(C5CCCCC5)cc4)nc3c2n1)c1ccc(C2CCCCC2)cc1,hotpot_optimize_complex,Hotpot optimize_complex,complex,True,passed,True,16.665334535762668,,,
177,CCN(C(=O)c1cc(Cl)c2ccc3c(Cl)cc(C(=O)N(CC)c4ccc5c(c4)CCCC5)nc3c2n1)c1ccc2c(c1)CCCC2,hotpot_optimize_complex,Hotpot optimize_complex,ligand,True,passed,True,8.670671984553337,,,
177,CCN(C(=O)c1cc(Cl)c2ccc3c(Cl)cc(C(=O)N(CC)c4ccc5c(c4)CCCC5)nc3c2n1)c1ccc2c(c1)CCCC2,hotpot_optimize_complex,Hotpot optimize_complex,complex,True,passed,True,11.405126005411148,,,
178,CCCCCCn1cc(-c2ccc3ccc4ccc(-c5cn(CCCCCC)nn5)nc4c3n2)nn1,hotpot_optimize_complex,Hotpot optimize_complex,ligand,True,passed,True,5.401434047147632,,,
178,CCCCCCn1cc(-c2ccc3ccc4ccc(-c5cn(CCCCCC)nn5)nc4c3n2)nn1,hotpot_optimize_complex,Hotpot optimize_complex,complex,True,passed,True,10.760301785543561,,,
179,c1ccc(Cn2cc(-c3ccc4ccc5ccc(-c6cn(Cc7ccccc7)nn6)nc5c4n3)nn2)cc1,hotpot_optimize_complex,Hotpot optimize_complex,ligand,True,passed,True,8.224558910354972,,,
179,c1ccc(Cn2cc(-c3ccc4ccc5ccc(-c6cn(Cc7ccccc7)nn6)nc5c4n3)nn2)cc1,hotpot_optimize_complex,Hotpot optimize_complex,complex,True,passed,True,8.742395082488656,,,
180,CC(C)(C)c1cc(-c2cccc(-c3cc(C(C)(C)C)[nH]n3)n2)n[nH]1,hotpot_optimize_complex,Hotpot optimize_complex,ligand,True,passed,True,3.536099696531892,,,
180,CC(C)(C)c1cc(-c2cccc(-c3cc(C(C)(C)C)[nH]n3)n2)n[nH]1,hotpot_optimize_complex,Hotpot optimize_complex,complex,True,passed,True,6.002067049965262,,,
181,OCCCn1cc(-c2cccc(-c3cn(CCCO)nn3)n2)nn1,hotpot_optimize_complex,Hotpot optimize_complex,ligand,True,passed,True,3.57618011534214,,,
181,OCCCn1cc(-c2cccc(-c3cn(CCCO)nn3)n2)nn1,hotpot_optimize_complex,Hotpot optimize_complex,complex,True,passed,True,4.9980197455734015,,,
182,CC(C)(C)c1ccccc1,hotpot_optimize_complex,Hotpot optimize_complex,ligand,True,passed,True,1.4683396276086569,,,
182,CC(C)(C)c1ccccc1,hotpot_optimize_complex,Hotpot optimize_complex,complex,False,not_eligible,,,,,
183,CCCCCCCCCCCCCCC(C(=O)N(C)CCCC)C(=O)N(C)CCCC,hotpot_optimize_complex,Hotpot optimize_complex,ligand,True,passed,True,5.133957276120782,,,
183,CCCCCCCCCCCCCCC(C(=O)N(C)CCCC)C(=O)N(C)CCCC,hotpot_optimize_complex,Hotpot optimize_complex,complex,True,passed,True,12.461382137611508,,,
184,CCCCCCCCN(C)C(=O)C(CCOCCCCCC)C(=O)N(C)CCCCCCCC,hotpot_optimize_complex,Hotpot optimize_complex,ligand,True,failed_quality,False,6.489340802654624,atom_overlap,,
184,CCCCCCCCN(C)C(=O)C(CCOCCCCCC)C(=O)N(C)CCCCCCCC,hotpot_optimize_complex,Hotpot optimize_complex,complex,True,passed,True,12.799974102526903,,,
185,O=S(=O)(c1ccccc1)C(F)(F)F,hotpot_optimize_complex,Hotpot optimize_complex,ligand,True,passed,True,1.4190318454056978,,,
185,O=S(=O)(c1ccccc1)C(F)(F)F,hotpot_optimize_complex,Hotpot optimize_complex,complex,False,not_eligible,,,,,
186,CCCCCCCCCCCC,hotpot_optimize_complex,Hotpot optimize_complex,ligand,True,passed,True,2.163690658286214,,,
186,CCCCCCCCCCCC,hotpot_optimize_complex,Hotpot optimize_complex,complex,False,not_eligible,,,,,
187,O=[N+]([O-])c1cccc(C(F)(F)F)c1,hotpot_optimize_complex,Hotpot optimize_complex,ligand,True,passed,True,1.3913945350795984,,,
187,O=[N+]([O-])c1cccc(C(F)(F)F)c1,hotpot_optimize_complex,Hotpot optimize_complex,complex,False,not_eligible,,,,,
